cod_tse,validos22,v_lula22,v_bolsonaro22,uf22
00019,20555,7028,12157,RO
00035,269018,92037,152878,RO
00051,67955,16470,47429,RO
00078,50246,10539,36941,RO
00094,49866,11986,34681,RO
00116,19734,4887,13773,RO
00132,48529,10784,34872,RO
00159,29197,6846,20725,RO
00175,20487,5740,13523,RO
00191,11212,2889,7589,RO
00213,6746,2551,3883,RO
00230,9707,2534,6620,RO
00256,17760,4277,12531,RO
00272,9799,1953,7323,RO
00299,29023,7538,19711,RO
00310,13718,3976,9034,RO
00337,8095,2819,4766,RO
00353,4776,1576,2875,RO
00370,10266,2785,6909,RO
00396,16218,4730,10612,RO
00418,12610,3986,7845,RO
00434,13149,3037,9627,RO
00450,3515,1136,2206,RO
00477,13379,5124,7449,RO
00493,4473,1707,2481,RO
00515,5317,1853,3127,RO
00531,2250,887,1236,RO
00558,4350,1517,2607,RO
00566,6624,2159,4102,RO
00574,6378,2333,3711,RO
00582,7241,2462,4401,RO
00590,5673,1785,3519,RO
00604,4518,1536,2737,RO
00612,5290,1543,3415,RO
00620,2924,723,2046,RO
00639,8406,2042,6020,RO
00647,2357,599,1640,RO
00655,4291,1520,2493,RO
00663,7161,1816,4969,RO
00671,5456,1489,3647,RO
00680,7752,1810,5603,RO
00698,4649,1306,3061,RO
00701,2443,957,1346,RO
00710,3340,1017,2061,RO
00728,2194,581,1486,RO
00736,6288,1957,3961,RO
00744,4057,1749,2129,RO
00752,2975,1106,1746,RO
00779,15546,3249,11602,RO
00787,1483,502,902,RO
00795,9209,2633,6162,RO
00809,5030,1683,3137,RO
01007,7263,2130,4505,AC
01015,6011,1630,3944,AC
01023,10259,2490,7062,AC
01031,2518,1357,1028,AC
01040,8059,3238,4146,AC
01058,14138,4171,9143,AC
01066,5503,2660,2143,AC
01074,45201,10770,30977,AC
01082,8866,1839,6551,AC
01090,10244,3236,6469,AC
01104,4018,2213,1515,AC
01112,9666,2592,6494,AC
01120,7118,1516,5238,AC
01139,15220,7930,6191,AC
01392,203629,53560,130393,AC
01457,21786,5811,14317,AC
01473,18508,8042,9146,AC
01490,9360,3774,5142,AC
01511,9390,2442,6209,AC
01538,13755,3523,9134,AC
01554,5534,2095,3141,AC
01570,4871,2003,2694,AC
02003,7804,2885,4600,AM
02011,8709,4505,3677,AM
02020,7760,3135,4154,AM
02038,8089,4574,3066,AM
02046,12805,7716,4226,AM
02054,6063,4724,1051,AM
02070,21477,13625,6885,AM
02097,7388,4675,2299,AM
02119,16471,14691,1207,AM
02135,16657,13665,2372,AM
02151,15734,7234,7640,AM
02178,16265,12422,3231,AM
02194,6828,3835,2657,AM
02216,13768,10185,2690,AM
02232,17050,10450,5472,AM
02259,35076,20449,12717,AM
02275,11670,6895,4334,AM
02291,14068,10000,3243,AM
02313,7293,5052,1668,AM
02330,11424,8484,2446,AM
02356,23945,12604,9836,AM
02372,5388,3824,1253,AM
02399,7437,4784,2061,AM
02410,53963,33435,16981,AM
02437,6360,3679,2450,AM
02453,3322,1872,1152,AM
02470,5145,3019,1706,AM
02496,9225,6454,2080,AM
02518,18813,12010,5785,AM
02534,56436,30532,22942,AM
02550,1163097,430562,622846,AM
02577,24220,15479,7486,AM
02593,5972,4184,1535,AM
02615,26857,22284,3705,AM
02631,11010,9242,1440,AM
02658,14063,10813,2531,AM
02674,9218,6804,2021,AM
02690,54336,43220,7930,AM
02712,7576,5206,2045,AM
02739,12459,8905,3027,AM
02755,14582,11870,2022,AM
02771,6448,5151,1043,AM
02798,9487,4747,4204,AM
02810,33205,20784,10897,AM
02836,21310,16860,3733,AM
02852,8823,6686,1764,AM
02879,9638,7577,1810,AM
02895,8494,6014,1997,AM
02917,5282,3857,1148,AM
02933,6367,3927,2041,AM
02950,10265,6423,3427,AM
02976,9566,8269,985,AM
02992,7036,4577,2125,AM
03000,5518,1074,4161,RR
03018,188445,36022,136176,RR
03026,4824,1421,3114,RR
03034,11435,3213,7545,RR
03042,5484,1193,4005,RR
03050,9070,2362,6130,RR
03069,11042,2916,7372,RR
03077,8454,2598,5488,RR
03085,16215,4377,10921,RR
03093,10182,2232,7441,RR
03107,5404,3600,1709,RR
03115,6564,2686,3682,RR
03123,6672,2279,4104,RR
03131,4146,1369,2519,RR
03158,4914,1418,3220,RR
04006,15965,9008,6085,PA
04014,98299,70766,22267,PA
04022,39397,20617,16644,PA
04030,36940,24143,9994,PA
04049,8489,4541,3477,PA
04057,20740,12781,5785,PA
04065,13456,9054,3540,PA
04073,32583,15772,14435,PA
04081,20053,6862,12354,PA
04090,17368,11781,4798,PA
04103,19093,10003,7738,PA
04111,63429,23403,36642,PA
04120,14646,7206,6676,PA
04138,15369,7161,6827,PA
04146,13468,9564,3070,PA
04154,278875,126428,121572,PA
04162,4527,2651,1687,PA
04170,28213,19088,6634,PA
04189,17368,11077,5288,PA
04197,8135,4740,2953,PA
04200,8812,4382,3986,PA
04219,11691,8816,2316,PA
04227,11924,3875,7470,PA
04235,20811,15094,4653,PA
04243,13472,7127,5177,PA
04251,76002,46430,23416,PA
04260,7507,3079,4105,PA
04278,857507,392207,370564,PA
04286,8391,2722,5348,PA
04294,37208,19270,14975,PA
04308,5444,2452,2667,PA
04316,9904,6710,2428,PA
04324,14668,7409,6704,PA
04332,68974,40248,22673,PA
04340,13852,9519,3480,PA
04359,53763,32399,17819,PA
04367,10752,6114,4076,PA
04375,17668,11878,4647,PA
04383,16111,2830,12824,PA
04391,14098,10686,2520,PA
04405,11400,5454,5312,PA
04413,82812,61121,17289,PA
04421,32712,14140,17086,PA
04430,42028,24307,14809,PA
04448,22608,12627,8732,PA
04456,33443,20487,10818,PA
04464,11862,6668,4571,PA
04472,112472,49819,52329,PA
04480,12030,6643,4689,PA
04499,9951,6321,2771,PA
04502,4144,2377,1563,PA
04510,9002,6411,1864,PA
04529,5348,1962,3206,PA
04537,24017,10307,12110,PA
04545,8377,5332,2500,PA
04553,18253,13871,3556,PA
04561,10665,4826,5350,PA
04570,25810,17963,6246,PA
04588,2180,848,1238,PA
04596,5033,3988,883,PA
04600,8145,4205,3365,PA
04618,17336,12035,4414,PA
04626,10305,3607,6163,PA
04634,24589,16956,5923,PA
04642,67934,34111,27552,PA
04650,40975,25116,13133,PA
04669,19089,14326,3662,PA
04677,7542,4409,2509,PA
04685,7404,5259,1673,PA
04693,20765,14636,4612,PA
04707,35827,13059,21128,PA
04715,58949,21740,34063,PA
04723,16319,6332,9334,PA
04731,23926,14322,8472,PA
04740,8718,6415,1789,PA
04758,24384,13309,9627,PA
04766,10665,7535,2516,PA
04774,28774,16377,10785,PA
04782,7217,3322,3548,PA
04790,17976,12509,4276,PA
04804,11992,6056,5169,PA
04812,6610,4356,1816,PA
04820,4818,3182,1286,PA
04839,139478,62464,68387,PA
04847,3658,1913,1576,PA
04855,20598,13482,5778,PA
04863,15791,6211,8614,PA
04871,18780,12018,5348,PA
04898,12557,8042,3857,PA
04910,21577,15487,4909,PA
04936,43560,30251,10858,PA
04952,38708,18112,17901,PA
04979,21693,15710,4758,PA
04995,9122,6352,2216,PA
05010,29312,19762,7800,PA
05037,19032,14713,3321,PA
05053,35982,19850,13572,PA
05070,12615,8939,2809,PA
05096,55250,22360,29708,PA
05118,7028,4661,1942,PA
05134,17080,12296,3667,PA
05150,26386,16823,7865,PA
05177,17069,10943,5361,PA
05193,20004,11278,7946,PA
05215,8216,5811,1823,PA
05231,27075,16767,8441,PA
05258,15156,10190,3885,PA
05274,4587,3200,1161,PA
05290,38225,19464,15362,PA
05312,16885,8978,6708,PA
05339,16735,6172,9876,PA
05355,187743,78380,92736,PA
05371,5191,3767,1159,PA
05398,19809,12027,6361,PA
05410,12125,8478,2713,PA
05436,18794,13427,3948,PA
05452,29654,9778,18706,PA
05479,12293,7402,4117,PA
05495,8538,5024,3086,PA
05517,32486,20452,9153,PA
05533,17510,12744,3944,PA
05550,9426,4881,4068,PA
05576,16736,12101,3498,PA
05592,38676,22565,13846,PA
05614,54153,29837,20907,PA
05630,29940,19936,7942,PA
05657,32720,25546,5763,PA
05673,46973,14587,30037,PA
05690,10475,4344,5618,PA
05711,26313,9613,15385,PA
05738,20415,9409,10056,PA
05754,21864,5730,15092,PA
05770,15061,4768,9415,PA
05797,14879,6403,7831,PA
05819,18821,11500,6389,PA
05835,140008,54645,77396,PA
05851,12427,5750,6081,PA
05878,16825,11603,3960,PA
05894,13934,5359,7772,PA
05916,20813,8162,11511,PA
05932,5163,2898,2035,PA
05959,16793,6496,9605,PA
05975,22639,11863,9705,PA
05991,9202,3467,5338,PA
06009,3039,1660,1231,AP
06017,5348,3159,1767,AP
06025,10317,5510,4058,AP
06033,6128,3556,2117,AP
06041,5873,3026,2373,AP
06050,247365,101129,113733,AP
06068,4084,2316,1475,AP
06076,16113,9808,4924,AP
06084,7433,4050,2967,AP
06092,14076,8885,4353,AP
06106,2968,1173,1619,AP
06114,4923,2491,2009,AP
06122,7615,5060,2186,AP
06130,20721,12198,7198,AP
06157,68161,28840,32615,AP
06173,7997,4521,2996,AP
07005,7986,6530,1168,MA
07013,5266,4605,530,MA
07021,13258,10341,2507,MA
07030,12906,10006,2288,MA
07048,15049,12209,2385,MA
07056,12958,10611,1836,MA
07064,10089,7188,2454,MA
07072,3859,2905,824,MA
07080,4049,3016,903,MA
07099,5896,4010,1653,MA
07102,5628,4510,906,MA
07110,19710,11252,7604,MA
07129,11471,8952,2033,MA
07137,14254,11650,2104,MA
07145,3748,3257,369,MA
07153,10728,8398,1926,MA
07161,5758,5145,520,MA
07170,23445,19250,3247,MA
07188,7232,5591,1408,MA
07196,17477,12970,3602,MA
07200,3922,2872,875,MA
07218,8091,6314,1480,MA
07226,6371,5097,1050,MA
07234,51790,33396,16084,MA
07242,8822,5560,2852,MA
07250,10056,8234,1435,MA
07269,14729,9842,4453,MA
07277,48913,25262,21123,MA
07285,8610,6592,1828,MA
07293,10936,9254,1162,MA
07307,5292,3928,1117,MA
07315,45308,29316,14318,MA
07323,4630,3328,1132,MA
07331,36747,28861,6422,MA
07340,31282,20917,9351,MA
07358,3089,2440,554,MA
07366,8581,5230,3026,MA
07374,13556,10841,2095,MA
07382,7282,4984,2023,MA
07390,18544,14561,3355,MA
07404,6599,4840,1465,MA
07412,15982,13785,1691,MA
07420,5229,4628,468,MA
07439,12467,10380,1594,MA
07447,5708,4567,995,MA
07455,6804,5872,683,MA
07463,8947,6952,1653,MA
07471,11769,9989,1392,MA
07480,8268,5774,2161,MA
07498,11506,8394,2652,MA
07501,8616,6455,1810,MA
07510,9746,7941,1524,MA
07528,4819,3120,1464,MA
07536,13378,8344,4435,MA
07544,7224,5495,1549,MA
07552,13618,9630,3361,MA
07560,10057,6146,3375,MA
07579,83325,61772,16986,MA
07595,6519,5099,1145,MA
07609,11118,6788,3806,MA
07617,42823,30953,10060,MA
07625,4522,3209,1154,MA
07633,55391,40773,11637,MA
07641,5611,4420,992,MA
07650,23753,18984,3775,MA
07668,12519,8554,3541,MA
07676,20416,16015,3742,MA
07684,8263,6721,1274,MA
07692,31382,22775,7500,MA
07706,7695,5820,1638,MA
07714,19105,15506,2952,MA
07722,13354,7039,5730,MA
07730,13459,9089,3845,MA
07749,4954,4005,812,MA
07757,7208,6259,701,MA
07765,9541,7311,1810,MA
07773,10622,7862,2412,MA
07781,3583,2822,646,MA
07790,7807,5343,2163,MA
07803,6402,4843,1371,MA
07811,9110,7247,1493,MA
07820,5808,4924,720,MA
07838,6136,4232,1665,MA
07846,7103,5530,1355,MA
07854,9260,6975,1928,MA
07862,4847,2829,1800,MA
07870,6000,4754,1003,MA
07889,10537,7106,2963,MA
07897,8100,6449,1396,MA
07900,4493,3404,926,MA
07919,4675,3672,861,MA
07927,5998,4655,1106,MA
07935,37465,24335,11538,MA
07943,4900,4050,675,MA
07951,6792,5703,847,MA
07960,4484,3690,618,MA
07978,16928,13526,2733,MA
07986,3369,2482,712,MA
07994,17193,13632,2843,MA
08001,9416,7259,1763,MA
08010,6615,4204,2098,MA
08028,7469,6005,1090,MA
08036,143659,62170,70830,MA
08044,10973,8834,1625,MA
08052,12352,10370,1640,MA
08060,12605,10489,1737,MA
08079,33819,26031,6192,MA
08087,12128,9817,1958,MA
08095,16199,10238,5135,MA
08109,4770,3413,1128,MA
08117,9111,7018,1794,MA
08125,3943,3083,652,MA
08133,25361,14977,9634,MA
08141,10436,8558,1550,MA
08150,6298,4766,1374,MA
08168,16399,10664,4906,MA
08176,9041,7427,1390,MA
08184,4942,3231,1501,MA
08192,8049,5384,2327,MA
08206,4581,3657,780,MA
08214,6259,4751,1267,MA
08222,5766,4568,1039,MA
08230,4289,2799,1269,MA
08249,8691,7179,1201,MA
08257,9219,6985,1763,MA
08265,4995,3852,968,MA
08273,11792,9298,2048,MA
08281,6002,3592,2165,MA
08290,14827,11072,3230,MA
08303,7121,5229,1638,MA
08311,18697,15394,2573,MA
08320,6547,4020,2246,MA
08338,11776,9566,1916,MA
08346,10126,8723,1128,MA
08354,8291,6405,1537,MA
08362,4845,4069,646,MA
08370,14323,11437,2324,MA
08389,6883,4384,2267,MA
08397,5820,3765,1751,MA
08400,3523,1317,2065,MA
08419,12376,9620,2344,MA
08427,3789,2944,663,MA
08435,7421,5987,1148,MA
08443,3458,2789,576,MA
08451,2977,2381,495,MA
08460,5275,3915,1091,MA
08478,10669,8183,2052,MA
08486,5851,4503,1170,MA
08494,61823,37374,19684,MA
08508,9095,6148,2594,MA
08516,11682,9758,1586,MA
08524,6474,5786,564,MA
08532,10456,8551,1588,MA
08540,3232,2779,330,MA
08559,18001,15289,2070,MA
08567,12913,8525,3744,MA
08575,9796,7711,1680,MA
08583,4265,3448,734,MA
08591,10876,8569,2011,MA
08605,10681,8384,1934,MA
08613,22294,14227,7149,MA
08621,6212,3864,2058,MA
08630,18290,15401,2295,MA
08656,8291,6731,1323,MA
08672,18760,14194,3820,MA
08699,44578,31891,10146,MA
08710,14013,10924,2609,MA
08737,9010,7301,1412,MA
08753,10929,7826,2643,MA
08770,13794,8261,4881,MA
08796,23372,15396,7096,MA
08818,7333,5957,1095,MA
08834,7544,6375,892,MA
08850,7966,6790,931,MA
08877,12019,8529,3104,MA
08893,91840,56572,28838,MA
08915,23879,17827,4756,MA
08931,4283,2998,1150,MA
08958,16489,12323,3561,MA
08974,32650,24920,6719,MA
08990,15173,12154,2410,MA
09016,18529,14539,3156,MA
09032,11359,8052,2812,MA
09059,11580,9726,1560,MA
09075,20057,15757,3574,MA
09091,16050,12501,2892,MA
09113,20492,13955,5795,MA
09130,2917,2223,626,MA
09156,6752,5811,722,MA
09172,14198,11988,1751,MA
09199,14511,11060,2801,MA
09210,610825,345123,210140,MA
09237,20300,15212,4386,MA
09253,11481,7842,3246,MA
09270,11137,9074,1689,MA
09296,11055,7300,3192,MA
09318,6467,5035,1257,MA
09334,5358,3465,1677,MA
09350,14236,11445,2144,MA
09377,92910,66012,21167,MA
09393,20712,14414,5440,MA
09415,20684,16307,3713,MA
09431,29129,21378,5933,MA
09458,18508,15150,2833,MA
09474,23066,18489,3747,MA
09490,28873,20355,7349,MA
09512,17798,12677,4500,MA
09539,17338,12335,4335,MA
09555,19241,14282,4218,MA
09571,45528,29412,14011,MA
09598,11862,8564,2929,MA
09610,58279,26316,28942,MA
09636,17425,9434,7178,MA
09652,12646,8930,3264,MA
09679,16044,11512,4150,MA
09695,12097,8884,2711,MA
09717,23789,17096,5782,MA
10006,5773,4716,811,PI
10014,3867,3135,542,PI
10022,3390,2665,587,PI
10030,12349,8835,3041,PI
10049,8217,5675,2210,PI
10057,10256,8253,1442,PI
10065,4952,3850,908,PI
10073,28194,22770,3984,PI
10081,3932,3526,254,PI
10090,11735,9683,1537,PI
10103,5426,4640,533,PI
10111,5165,4092,853,PI
10120,6993,5938,681,PI
10138,5603,4814,582,PI
10146,4250,3448,549,PI
10154,2316,1626,586,PI
10162,2592,2136,348,PI
10170,4331,3618,564,PI
10189,4373,3435,706,PI
10197,3293,2696,409,PI
10200,4087,3207,732,PI
10219,7000,5165,1392,PI
10227,4626,3907,547,PI
10235,27548,20919,5229,PI
10243,4005,3579,285,PI
10251,2574,1987,450,PI
10260,3620,3310,229,PI
10278,4472,3229,1038,PI
10286,4246,3538,522,PI
10294,15899,11708,3347,PI
10308,3423,2655,601,PI
10316,7474,6277,814,PI
10324,6521,5495,744,PI
10332,3686,2740,739,PI
10340,3487,3053,324,PI
10359,4448,3438,807,PI
10367,6079,4486,1261,PI
10375,15328,10360,4165,PI
10383,4178,3556,413,PI
10391,13231,9592,3089,PI
10405,2885,2219,601,PI
10413,3998,3635,265,PI
10421,5631,4792,607,PI
10430,28183,20533,5936,PI
10448,2658,2143,379,PI
10456,11666,9073,1998,PI
10464,3366,2531,691,PI
10472,7676,6155,1070,PI
10480,3264,2671,442,PI
10499,6333,5319,736,PI
10502,3223,2903,216,PI
10510,11946,8914,2433,PI
10529,4060,3328,501,PI
10537,16529,12642,3113,PI
10545,7079,5811,967,PI
10553,3646,2968,464,PI
10561,4016,3555,286,PI
10570,15442,11012,3570,PI
10588,3654,3219,303,PI
10596,4231,3478,553,PI
10600,2539,2111,328,PI
10618,6006,4773,1026,PI
10626,2918,2310,321,PI
10634,6839,5095,1456,PI
10642,3052,2743,252,PI
10650,9765,7385,1879,PI
10669,4868,3817,769,PI
10677,5256,4177,837,PI
10685,5937,5273,447,PI
10693,9528,7974,1100,PI
10707,3014,2730,212,PI
10715,2792,2217,444,PI
10723,3865,3279,396,PI
10731,22979,16567,5302,PI
10740,4085,3232,649,PI
10758,3104,2525,446,PI
10766,4281,3492,644,PI
10774,34803,25485,7249,PI
10782,4972,4138,617,PI
10790,3256,2783,342,PI
10804,3219,2966,180,PI
10812,3527,2863,440,PI
10820,6761,5350,1084,PI
10839,5583,4498,760,PI
10847,3749,3240,364,PI
10855,7479,5857,1276,PI
10863,4439,3633,591,PI
10871,6275,4997,1020,PI
10880,2754,2225,392,PI
10898,6178,4828,1064,PI
10901,3637,3086,394,PI
10910,3396,2701,544,PI
10928,4516,3855,498,PI
10936,9618,7818,1362,PI
10944,3317,2716,454,PI
10952,5830,5007,597,PI
10960,3275,2942,222,PI
10979,4862,4322,348,PI
10987,5477,3964,1338,PI
10995,7416,6033,1078,PI
11010,6633,5129,1141,PI
11037,9659,7744,1402,PI
11053,3602,2867,604,PI
11070,8923,6789,1835,PI
11088,3806,3242,422,PI
11096,27518,22907,3279,PI
11118,3402,2846,432,PI
11134,20054,15253,3736,PI
11150,15058,11578,2907,PI
11177,3624,3011,462,PI
11193,3097,2174,773,PI
11215,6340,4928,1143,PI
11231,18566,15013,2531,PI
11258,1324,903,350,PI
11274,8235,6545,1302,PI
11290,5610,4709,626,PI
11312,6853,5680,886,PI
11339,5007,4412,430,PI
11355,6545,5151,1106,PI
11371,3856,3359,345,PI
11398,23318,17737,4566,PI
11410,3259,2804,330,PI
11436,4752,3842,686,PI
11452,3107,2183,710,PI
11479,3555,2654,697,PI
11495,9841,8267,1214,PI
11517,5494,4577,716,PI
11533,88387,55488,26362,PI
11550,12731,10490,1711,PI
11576,23990,17672,4900,PI
11592,43612,31183,10134,PI
11614,7010,5589,1091,PI
11630,11203,9375,1321,PI
11657,18863,14425,3650,PI
11673,37422,27351,8085,PI
11690,6752,5291,1207,PI
11711,2620,2209,310,PI
11738,5031,3558,1180,PI
11754,10136,8526,1196,PI
11770,4105,3063,876,PI
11797,4042,3406,495,PI
11819,4441,3770,518,PI
11835,4004,2961,853,PI
11851,3978,2906,895,PI
11878,4721,3698,793,PI
11894,2734,2330,344,PI
11916,2937,2163,566,PI
11932,4406,3104,1090,PI
11959,3565,2611,730,PI
11975,5083,4026,782,PI
11991,11858,9220,2075,PI
12009,3850,3127,539,PI
12017,2383,1983,303,PI
12025,3060,2530,422,PI
12033,4597,3882,602,PI
12041,3375,2727,499,PI
12050,4260,2885,1170,PI
12068,3294,2176,1018,PI
12076,11134,9311,1352,PI
12084,3511,2826,545,PI
12092,8736,6635,1653,PI
12106,5002,4316,443,PI
12114,20972,17355,2830,PI
12122,4369,3881,317,PI
12130,8974,7476,1127,PI
12149,4092,3412,495,PI
12157,7923,6451,1030,PI
12165,3779,3257,355,PI
12173,3236,2523,510,PI
12181,3743,3371,278,PI
12190,483136,301309,138320,PI
12203,3553,2997,343,PI
12211,29026,22208,5340,PI
12220,3531,2907,447,PI
12238,13941,9581,3682,PI
12246,4783,3269,1259,PI
12254,12948,9953,2321,PI
12262,2554,2057,358,PI
12270,2925,2315,454,PI
12289,2844,2492,242,PI
12297,4835,4214,421,PI
12300,3267,2846,299,PI
12319,4878,3648,979,PI
12327,5300,4647,448,PI
12335,2499,2038,329,PI
12343,2749,2280,313,PI
12351,3622,3174,328,PI
12360,3329,2902,310,PI
12378,2175,1762,278,PI
12386,2703,2236,331,PI
12394,5179,4332,643,PI
12408,3759,3035,563,PI
12416,4415,3458,693,PI
12424,3672,2838,626,PI
12432,2432,1965,368,PI
12440,4619,3744,716,PI
12459,4069,3301,625,PI
12467,4544,3945,288,PI
12475,4525,3525,733,PI
12483,1830,1447,280,PI
12491,2276,1552,638,PI
12505,3759,2812,640,PI
12513,5156,4247,697,PI
12521,1903,1518,274,PI
12530,2048,1694,257,PI
12548,2391,1873,369,PI
12556,2562,2174,279,PI
12564,3361,2665,574,PI
12572,5584,4368,990,PI
12580,4018,3390,484,PI
12599,1583,1209,279,PI
12602,2774,2331,334,PI
12610,2032,1589,348,PI
12629,2278,1908,267,PI
12637,1892,1622,195,PI
12653,1517,1262,216,PI
12661,1933,1480,378,PI
12670,3953,2998,761,PI
12688,4400,3560,571,PI
12696,4224,3758,304,PI
12700,2273,2003,206,PI
12718,4013,3297,515,PI
12726,9052,7137,1537,PI
12734,3211,2633,456,PI
13005,14370,9297,4007,CE
13013,5693,4870,594,CE
13021,11119,8908,1583,CE
13030,35348,24551,8288,CE
13048,6601,4928,1026,CE
13056,29766,23642,3950,CE
13064,9151,7693,895,CE
13072,8348,7010,824,CE
13080,11725,8595,2466,CE
13099,7352,5755,803,CE
13102,12719,10199,1740,CE
13110,4991,4283,350,CE
13129,14638,8771,4945,CE
13137,9716,7772,1502,CE
13145,9644,5996,3125,CE
13153,5053,4157,534,CE
13161,13982,9953,3079,CE
13170,10001,7592,1733,CE
13188,46737,28683,14302,CE
13196,50941,31902,15296,CE
13200,4244,3494,515,CE
13218,45027,30215,11451,CE
13226,41064,21790,15728,CE
13234,20059,14809,4122,CE
13242,16254,11888,3408,CE
13250,12778,11229,866,CE
13269,4785,4029,619,CE
13277,9364,7041,1660,CE
13285,15290,10761,3693,CE
13293,5254,4093,797,CE
13307,19512,14025,4226,CE
13315,14178,11787,1527,CE
13323,12174,9288,2066,CE
13331,14989,12040,1920,CE
13340,7546,5991,1214,CE
13358,4269,3512,479,CE
13366,5477,4652,527,CE
13374,38765,28304,7861,CE
13382,12095,9706,1781,CE
13390,12359,10402,1242,CE
13404,10884,8307,1652,CE
13412,21652,16053,4369,CE
13420,7179,5441,1349,CE
13439,35472,23925,8870,CE
13447,6837,5611,774,CE
13455,15706,10385,3834,CE
13463,9037,7288,1326,CE
13471,31983,26608,3478,CE
13480,24943,15703,7531,CE
13498,28353,22469,4438,CE
13501,12303,8141,3380,CE
13510,37325,24217,8532,CE
13536,15134,12689,1732,CE
13552,45349,34884,7942,CE
13579,12705,9864,2088,CE
13595,13643,10777,2180,CE
13617,11473,8182,2393,CE
13633,18836,14877,2677,CE
13650,11913,9694,1668,CE
13676,10151,6933,2377,CE
13692,46003,29681,12728,CE
13714,6578,5308,912,CE
13730,194801,114030,63209,CE
13757,15605,12164,2202,CE
13773,8138,6493,1147,CE
13811,15007,10985,2643,CE
13838,44677,33294,8408,CE
13854,77943,63197,10330,CE
13870,13302,11245,1307,CE
13897,1507639,802009,530162,CE
13919,10091,7098,2135,CE
13935,5929,4645,955,CE
13951,32707,27017,3711,CE
13978,4362,3705,454,CE
13994,7086,4506,1793,CE
14010,24471,17541,4918,CE
14036,4776,3579,875,CE
14052,11913,8753,2122,CE
14060,10071,7809,1615,CE
14079,14290,9813,2876,CE
14095,37406,28700,6339,CE
14117,55913,44168,8808,CE
14133,16143,11777,3433,CE
14150,7255,5875,957,CE
14176,24907,19207,4138,CE
14192,22519,16852,3955,CE
14214,8995,7258,1334,CE
14230,15208,11897,2320,CE
14257,5719,3852,1377,CE
14273,31238,19627,9549,CE
14290,77737,57530,14531,CE
14311,12499,9107,2487,CE
14338,13739,11115,2019,CE
14354,11960,9622,1625,CE
14370,6818,5341,1170,CE
14397,22008,17139,3605,CE
14419,21902,14582,5735,CE
14435,15849,12943,1836,CE
14451,5177,4221,651,CE
14478,150334,109039,29937,CE
14494,14533,10979,2416,CE
14516,17653,13969,2264,CE
14532,37372,27138,7555,CE
14559,65908,41819,19594,CE
14575,17405,8924,7198,CE
14591,8248,6698,1062,CE
14613,24381,16849,5112,CE
14630,26756,20297,4792,CE
14656,10014,7237,1447,CE
14672,16917,14369,1622,CE
14680,9349,7647,1149,CE
14699,23093,18688,3188,CE
14710,23843,18823,3770,CE
14737,10985,8699,1666,CE
14753,43891,30684,9551,CE
14770,6034,4511,1075,CE
14796,13800,7110,5872,CE
14818,9148,6824,1476,CE
14834,6986,5192,1435,CE
14850,9671,7725,1428,CE
14877,18224,12565,4407,CE
14893,16943,13621,2391,CE
14915,13411,10357,2379,CE
14931,42419,25491,13144,CE
14958,43119,26037,13697,CE
14974,8167,6134,1429,CE
14990,4701,3788,441,CE
15016,7373,4704,1924,CE
15032,7418,5469,1508,CE
15059,25081,16787,6575,CE
15075,19559,13672,4622,CE
15091,8029,6159,1404,CE
15113,25159,21436,2586,CE
15130,6447,5128,891,CE
15156,25825,19117,5392,CE
15172,10886,8851,1388,CE
15199,9412,7778,1251,CE
15210,7292,6094,853,CE
15237,10615,8897,1149,CE
15253,5859,5108,443,CE
15270,47279,29780,14601,CE
15296,46348,35247,7634,CE
15318,14271,10463,2874,CE
15334,18430,12827,4299,CE
15350,12139,9278,1697,CE
15377,46168,31463,11174,CE
15393,9126,7398,1329,CE
15415,20309,15479,3410,CE
15431,10578,9209,893,CE
15440,10719,8462,1388,CE
15458,26448,20291,3634,CE
15474,27210,19345,5618,CE
15490,37428,23181,11387,CE
15512,4755,3730,637,CE
15539,8977,6449,2006,CE
15555,16194,11280,3533,CE
15571,5334,3852,1036,CE
15598,120268,66697,29665,CE
15610,11304,9230,1484,CE
15636,19485,15075,3278,CE
15652,16440,12596,2558,CE
15679,34830,22509,8776,CE
15695,44561,27322,13548,CE
15717,36625,25816,8105,CE
15733,19809,12615,5030,CE
15750,4796,3521,872,CE
15776,14258,10153,3243,CE
15792,8719,6707,1563,CE
15814,24316,19451,3524,CE
15830,35277,26115,6512,CE
15857,142981,82217,48379,CE
15873,26278,19707,5010,CE
15881,10705,8365,1467,CE
15890,16796,10695,4906,CE
15911,15169,9181,3653,CE
15920,9749,7232,2050,CE
15938,13800,9430,3605,CE
15954,24403,15197,7345,CE
15970,8813,7223,1102,CE
15989,5800,4840,552,CE
15997,21124,12787,6860,CE
16004,4089,2903,976,RN
16012,7107,4703,1968,RN
16020,9435,5886,3010,RN
16039,34392,24909,7671,RN
16047,4139,2746,1184,RN
16055,7697,5383,1884,RN
16063,6948,4568,2047,RN
16071,2250,1914,244,RN
16080,5135,3661,1255,RN
16098,8818,7344,1129,RN
16101,2631,2055,473,RN
16110,4159,3318,652,RN
16128,3231,2244,859,RN
16136,8931,6989,1522,RN
16144,2596,1793,663,RN
16152,7868,5262,2171,RN
16160,2484,2024,356,RN
16179,4672,3915,602,RN
16187,2744,2329,293,RN
16195,23749,17646,4412,RN
16209,3274,2669,478,RN
16217,16260,10803,4487,RN
16225,5142,3427,1475,RN
16233,8771,5985,2362,RN
16241,3639,2560,918,RN
16250,6802,4692,1747,RN
16268,7968,4766,2813,RN
16276,5423,3327,1806,RN
16284,3882,3001,686,RN
16292,3642,2201,1254,RN
16306,3328,2176,950,RN
16314,3918,3026,725,RN
16330,6816,4295,2230,RN
16357,7574,5065,2068,RN
16373,3059,2200,714,RN
16390,35807,23044,10816,RN
16411,6548,5316,1004,RN
16438,18296,13523,3920,RN
16454,14929,11418,2707,RN
16470,4663,2535,1750,RN
16497,6945,5192,1342,RN
16519,44868,31891,10602,RN
16535,6772,5143,1264,RN
16551,3484,2609,662,RN
16578,3100,2507,450,RN
16594,5226,3870,1084,RN
16616,24111,14775,7834,RN
16632,4782,3970,580,RN
16659,3822,3231,472,RN
16675,3642,2459,999,RN
16691,5746,3328,2241,RN
16713,22870,12753,8832,RN
16730,5688,4594,845,RN
16756,6522,4771,1428,RN
16772,2219,1778,350,RN
16799,2081,1162,825,RN
16810,16449,10356,5228,RN
16837,9387,7190,1669,RN
16853,7249,4924,1946,RN
16870,11724,7950,3048,RN
16896,8785,5877,2470,RN
16918,10032,8060,1632,RN
16934,1692,1289,304,RN
16950,3915,2984,744,RN
16977,4684,3478,964,RN
16993,4638,3289,1151,RN
17019,3471,2802,579,RN
17035,5839,3537,1996,RN
17051,4261,3445,631,RN
17078,2383,1785,450,RN
17094,8622,6980,1267,RN
17116,7990,5296,2238,RN
17132,20492,14498,4982,RN
17159,2365,1887,368,RN
17175,4073,3446,485,RN
17191,12173,8806,2836,RN
17213,3693,2687,884,RN
17230,4413,3345,877,RN
17256,5637,4197,1129,RN
17272,2500,1644,724,RN
17299,9225,6702,2031,RN
17310,7129,5063,1662,RN
17337,6969,5079,1474,RN
17353,4095,2826,1055,RN
17370,2821,2300,404,RN
17396,5535,4712,622,RN
17418,41558,25896,13369,RN
17434,16862,12746,3193,RN
17450,5442,4655,608,RN
17477,5385,4040,1077,RN
17493,7416,4925,2139,RN
17515,3246,2653,475,RN
17531,7004,5307,1366,RN
17558,13204,8161,4344,RN
17574,2175,1498,578,RN
17590,144245,88081,46378,RN
17612,449729,225529,188942,RN
17639,16712,9763,6200,RN
17655,20157,13405,5748,RN
17671,3396,2712,501,RN
17698,3498,2565,770,RN
17710,3135,2726,297,RN
17736,3505,2515,811,RN
17752,4048,2834,1040,RN
17779,13479,7839,4658,RN
17795,109936,48084,53530,RN
17817,7249,4645,2187,RN
17833,2947,1836,960,RN
17850,7648,5652,1630,RN
17876,16556,12280,3513,RN
17892,3252,2405,695,RN
17914,2608,1802,680,RN
17930,4713,3395,1058,RN
17957,8995,6490,2066,RN
17973,8544,6626,1551,RN
17990,2709,2345,294,RN
18015,8802,6922,1506,RN
18031,5143,3495,1233,RN
18058,6552,4522,1761,RN
18074,6105,4479,1311,RN
18090,3921,3193,598,RN
18112,2277,1811,362,RN
18139,3026,2529,393,RN
18155,5179,3667,1288,RN
18171,3352,2611,555,RN
18198,3149,1701,1304,RN
18210,3125,2358,552,RN
18236,20593,13939,5615,RN
18252,2117,1317,614,RN
18279,8789,6724,1551,RN
18295,14227,10080,3415,RN
18317,2977,2198,617,RN
18333,3169,2310,697,RN
18350,2928,2096,671,RN
18376,58691,33841,21368,RN
18392,4303,3157,870,RN
18414,25036,15481,8218,RN
18430,7912,5148,2438,RN
18457,3609,2689,714,RN
18473,13106,10381,2040,RN
18490,10902,6085,4257,RN
18511,4865,3439,1196,RN
18538,5756,4033,1388,RN
18554,7196,3977,2924,RN
18570,3998,2788,1020,RN
18597,4383,3123,1079,RN
18619,3056,2013,890,RN
18635,4254,2991,1032,RN
18651,4915,3358,1343,RN
18678,5234,3618,1302,RN
18694,5361,4233,801,RN
18716,3815,3021,641,RN
18732,2347,1743,500,RN
18759,8216,6286,1499,RN
18775,8921,5732,2697,RN
18791,6192,4700,1280,RN
18813,9877,6362,3084,RN
18830,2073,1424,562,RN
18856,20574,12838,6809,RN
18872,6743,5270,1143,RN
18899,9428,5631,3273,RN
18910,3912,2540,1202,RN
18937,2868,1767,958,RN
18953,7904,5188,2273,RN
18970,1438,1106,259,RN
18996,2412,1783,536,RN
19003,3463,2376,902,PB
19011,5858,4946,672,PB
19020,5616,3849,1402,PB
19038,3683,2965,571,PB
19046,4192,3153,834,PB
19054,16207,11860,3573,PB
19062,4898,3519,1085,PB
19070,11872,8721,2243,PB
19089,5198,4137,834,PB
19097,8825,7026,1385,PB
19100,4323,3402,650,PB
19119,14686,8729,5275,PB
19127,3465,2569,720,PB
19135,11031,8822,1697,PB
19143,3325,2566,603,PB
19151,10379,8345,1557,PB
19160,3169,2102,897,PB
19178,6384,4725,1255,PB
19186,3351,2532,665,PB
19194,9785,7030,2175,PB
19208,2380,1842,439,PB
19216,13698,10263,2669,PB
19224,2274,1593,527,PB
19232,4635,3300,1029,PB
19240,3441,2678,597,PB
19259,12059,9398,2131,PB
19267,2242,1779,354,PB
19275,3297,2703,430,PB
19283,2632,2189,305,PB
19291,5881,4775,892,PB
19305,3433,2743,520,PB
19313,13542,10394,2317,PB
19321,3143,2379,638,PB
19330,8305,6603,1367,PB
19348,1830,1525,229,PB
19356,4712,3331,1159,PB
19364,4363,3693,513,PB
19372,59310,30224,25160,PB
19380,2929,2353,464,PB
19399,9683,6638,2525,PB
19402,2878,2378,376,PB
19410,4818,3502,1077,PB
19429,2433,1800,478,PB
19437,3841,3060,587,PB
19445,2465,2131,229,PB
19453,2380,2059,230,PB
19461,4895,3448,1201,PB
19470,3658,3112,344,PB
19488,2219,1969,176,PB
19496,5729,4223,1269,PB
19500,2343,1923,323,PB
19518,11687,7821,3255,PB
19526,3046,2491,422,PB
19534,4096,3172,662,PB
19542,1812,1273,429,PB
19550,3367,2576,616,PB
19569,2855,2544,217,PB
19577,7946,5514,1983,PB
19585,2047,1764,226,PB
19593,4652,3335,1121,PB
19607,4388,3531,602,PB
19615,12956,8633,3743,PB
19623,5816,4626,891,PB
19631,3971,2555,1131,PB
19640,2974,2543,316,PB
19658,39032,19453,16630,PB
19666,1907,1550,250,PB
19674,5842,4870,742,PB
19682,2332,1846,382,PB
19690,3047,2455,494,PB
19704,1529,1196,258,PB
19712,9920,7392,2056,PB
19720,1718,1345,307,PB
19739,4589,3188,1168,PB
19747,3705,2641,828,PB
19755,36545,28685,6105,PB
19763,3860,2261,1309,PB
19771,4192,3136,869,PB
19780,5749,4145,1268,PB
19798,4637,4047,441,PB
19801,4022,2998,773,PB
19810,241623,118874,102633,PB
19828,1983,1360,537,PB
19836,1730,1422,232,PB
19844,5498,4090,1158,PB
19852,3882,2842,821,PB
19860,3243,2459,621,PB
19879,17098,12620,3665,PB
19887,3840,3037,623,PB
19895,10900,8425,1987,PB
19909,1703,1378,238,PB
19917,4246,3380,667,PB
19925,2279,1918,287,PB
19933,17617,10649,6093,PB
19941,4956,3314,1345,PB
19950,4254,3395,655,PB
19968,5535,4570,770,PB
19976,8890,6736,1788,PB
19984,4064,3355,532,PB
19992,12541,8879,3076,PB
20001,5521,4000,1215,PB
20010,5022,3677,1084,PB
20036,12830,10224,1964,PB
20052,4218,3143,839,PB
20079,1763,1302,320,PB
20095,5599,4426,946,PB
20117,2353,1722,482,PB
20133,3987,3144,651,PB
20150,6701,5653,816,PB
20176,2747,2051,564,PB
20192,2498,1875,486,PB
20214,19038,12510,5268,PB
20230,7369,5742,1263,PB
20257,2259,1619,510,PB
20273,33531,20150,11134,PB
20290,8621,6346,1912,PB
20311,2502,2055,339,PB
20338,3978,3244,570,PB
20354,6211,5274,722,PB
20370,11319,7757,3027,PB
20397,14914,9176,5056,PB
20419,12813,9547,2520,PB
20435,10204,7466,2186,PB
20451,6516,4743,1505,PB
20478,10036,6927,2527,PB
20494,5271,4328,732,PB
20516,458518,217243,203971,PB
20532,5796,4321,1234,PB
20559,10184,7593,2141,PB
20575,4453,3305,870,PB
20591,7638,5481,1867,PB
20613,5685,4819,629,PB
20630,3545,2933,461,PB
20656,5336,3998,1067,PB
20672,16113,9738,5279,PB
20699,3366,2755,493,PB
20710,4311,3234,869,PB
20737,9557,6128,2885,PB
20753,2950,2363,455,PB
20770,3896,3251,491,PB
20796,25219,16631,7160,PB
20818,6383,5412,661,PB
20834,13741,9659,3414,PB
20850,8970,6241,2216,PB
20877,6138,4270,1610,PB
20893,8266,5680,2275,PB
20915,3821,2679,934,PB
20931,2932,2399,339,PB
20958,20100,15433,3732,PB
20974,7084,5197,1480,PB
20990,4870,3498,1059,PB
21016,5470,4549,700,PB
21032,5916,4471,1072,PB
21059,3673,3011,491,PB
21075,2798,2282,345,PB
21091,4992,3858,827,PB
21113,3120,2215,683,PB
21130,2420,1905,432,PB
21156,2007,1522,382,PB
21172,52459,33579,15475,PB
21199,7709,5536,1824,PB
21210,2797,2011,601,PB
21237,4806,3664,829,PB
21253,18345,11992,5349,PB
21270,9429,6760,2099,PB
21296,11656,8346,2538,PB
21318,7946,5627,1952,PB
21334,5081,3866,962,PB
21350,3955,3104,636,PB
21377,5782,4183,1220,PB
21393,9456,6382,2729,PB
21415,10732,6852,3211,PB
21431,19088,12448,5562,PB
21458,3194,2310,744,PB
21474,11930,9810,1615,PB
21490,9621,6344,2660,PB
21512,27340,19148,6750,PB
21539,1847,1301,469,PB
21555,10760,8177,2056,PB
21571,6198,5084,889,PB
21598,14868,10175,3965,PB
21610,2443,1841,449,PB
21636,7372,5264,1719,PB
21652,4478,3669,648,PB
21679,4376,3763,454,PB
21695,9410,6544,2318,PB
21717,3323,2858,325,PB
21733,4393,3250,854,PB
21750,76888,43433,28520,PB
21776,4354,3189,938,PB
21792,21257,11629,8358,PB
21814,3373,2679,530,PB
21830,2996,2406,468,PB
21857,5126,4162,779,PB
21873,3702,2940,602,PB
21890,3389,2664,594,PB
21911,11621,9612,1570,PB
21938,3219,2363,715,PB
21954,3473,2514,767,PB
21970,2657,2150,405,PB
21997,5350,3752,1276,PB
22012,4734,2743,1798,PB
22039,6402,4315,1615,PB
22055,2413,2036,271,PB
22071,28234,18697,7905,PB
22098,6644,5048,1228,PB
22110,8067,5629,1943,PB
22136,2306,1598,545,PB
22152,2328,1894,303,PB
22179,4920,3593,1020,PB
22195,3120,2286,642,PB
22217,15961,11154,3812,PB
22233,8587,5933,2165,PB
22250,37735,25912,9618,PB
22276,10624,8323,1885,PB
22292,5649,4188,1220,PB
22314,7846,6094,1357,PB
22330,8148,7058,811,PB
22357,8981,7140,1452,PB
22373,5578,4750,588,PB
22390,9584,7562,1607,PB
22411,5102,3915,973,PB
22438,2158,1773,300,PB
23000,4820,4288,429,PE
23019,21459,16466,4334,PE
23027,11780,8188,3213,PE
23035,12998,9681,2616,PE
23043,7189,6064,918,PE
23051,15501,11690,3299,PE
23060,7359,5064,1948,PE
23078,14798,10823,3544,PE
23086,5946,4693,1013,PE
23094,22788,17736,4394,PE
23108,9833,8429,1140,PE
23116,9424,8207,973,PE
23124,7558,6301,986,PE
23132,20807,14651,5480,PE
23140,12316,9469,2316,PE
23159,12979,9861,2654,PE
23167,8760,7994,615,PE
23175,12741,8525,3711,PE
23183,15432,12188,2587,PE
23191,6582,5044,1288,PE
23205,13096,9036,3552,PE
23213,43874,33659,8091,PE
23221,8706,6951,1361,PE
23230,38620,28252,8763,PE
23248,9233,8167,852,PE
23256,7913,5025,2618,PE
23264,8007,6707,1072,PE
23272,22242,14124,7283,PE
23280,14005,9254,4298,PE
23299,7224,5315,1671,PE
23302,6660,4773,1680,PE
23310,11747,9731,1590,PE
23329,9211,7786,1003,PE
23337,45811,31267,12047,PE
23353,7017,6128,721,PE
23370,37066,26340,9262,PE
23396,19620,17029,1817,PE
23418,24817,19475,4457,PE
23434,22652,17080,4817,PE
23450,22931,15298,6996,PE
23477,6957,5644,1160,PE
23493,5408,4510,716,PE
23515,25024,16888,7142,PE
23531,8710,6638,1812,PE
23558,26217,22412,3030,PE
23574,128191,85327,36821,PE
23590,19316,15805,2861,PE
23612,12117,8966,2681,PE
23639,13899,12467,1092,PE
23655,5941,5071,647,PE
23671,5047,4423,555,PE
23698,11610,8444,2833,PE
23710,5559,3941,1425,PE
23736,12669,9041,3208,PE
23752,11132,9595,1202,PE
23779,11731,10101,1335,PE
23795,45769,24968,18701,PE
23817,195286,109406,75159,PE
23833,18639,13470,4497,PE
23850,7205,6160,735,PE
23876,8701,6194,2249,PE
23892,14480,9718,4207,PE
23914,14942,10414,3989,PE
23930,9311,7801,1210,PE
23957,7977,5666,1972,PE
23973,11075,8449,2315,PE
23990,14915,9548,4796,PE
24015,20316,17684,2222,PE
24031,37326,25712,10034,PE
24058,20161,17233,2184,PE
24074,13672,8711,4366,PE
24090,7586,5422,1905,PE
24112,11846,10174,1402,PE
24139,18118,15262,2351,PE
24155,9790,7057,2455,PE
24171,11182,7597,3191,PE
24198,75248,54269,17690,PE
24210,17291,12857,3880,PE
24236,49909,31649,16386,PE
24252,5385,4547,608,PE
24279,50939,31678,16885,PE
24295,10415,8795,1312,PE
24317,14801,13032,1474,PE
24333,5115,4089,868,PE
24350,68683,43924,21690,PE
24376,6705,5644,841,PE
24392,10633,9507,940,PE
24414,3257,2843,353,PE
24430,63774,45294,16142,PE
24457,15912,12952,2358,PE
24473,3480,2965,411,PE
24490,13885,11427,1977,PE
24511,13449,9575,3393,PE
24538,8861,7253,1417,PE
24554,10275,6934,2961,PE
24570,367250,199245,147345,PE
24597,10966,8698,1916,PE
24619,17703,13629,3279,PE
24635,9565,6750,2480,PE
24651,9605,7953,1296,PE
24678,8652,6641,1598,PE
24694,13834,9114,4056,PE
24716,7947,6690,1063,PE
24732,8648,6728,1656,PE
24759,23451,16037,6280,PE
24775,35136,24808,8855,PE
24791,14214,9253,4347,PE
24813,8036,6121,1595,PE
24830,6011,4229,1595,PE
24856,8532,6891,1426,PE
24872,37487,23781,11884,PE
24899,19891,12228,6893,PE
24910,247023,140857,91876,PE
24937,13944,10775,2425,PE
24953,9299,7378,1534,PE
24970,35377,29600,4455,PE
24996,30171,20606,8287,PE
25011,4193,3427,612,PE
25038,14621,11148,2984,PE
25054,8292,6968,1064,PE
25070,14071,12525,1200,PE
25097,19501,14430,4409,PE
25119,34782,20713,12692,PE
25135,187020,105562,70659,PE
25151,13786,11230,2051,PE
25178,36658,29993,5448,PE
25194,18682,15010,3178,PE
25216,183869,120083,52261,PE
25232,7376,6160,987,PE
25259,15623,10060,4976,PE
25275,8290,5879,2113,PE
25291,10776,8622,1817,PE
25313,996696,538562,390904,PE
25330,16064,11358,4108,PE
25356,21287,14553,5970,PE
25372,12146,8562,3174,PE
25399,8867,6170,2311,PE
25410,5177,3891,1095,PE
25437,32441,25615,5588,PE
25453,8795,7637,929,PE
25470,12116,9496,2221,PE
25496,50998,23517,24637,PE
25518,23269,18836,3481,PE
25534,8423,5873,2230,PE
25550,6072,4990,859,PE
25577,5351,4117,1045,PE
25593,26394,19472,5927,PE
25615,23705,18056,4683,PE
25631,13328,11311,1630,PE
25658,13133,9531,3088,PE
25674,11611,6724,4567,PE
25690,19181,16519,2108,PE
25712,17650,13915,3213,PE
25739,63560,38450,21834,PE
25755,10653,8020,2236,PE
25771,46533,35650,9424,PE
25798,11722,10252,1023,PE
25810,18435,15521,2362,PE
25836,21068,13807,6536,PE
25852,7160,6161,732,PE
25879,4219,3713,441,PE
25895,36102,24534,10195,PE
25917,15827,13052,2368,PE
25933,7893,5985,1531,PE
25950,13000,11169,1480,PE
25976,18079,12837,4634,PE
25992,16758,9425,6777,PE
26018,4694,3870,696,PE
26034,6736,6081,460,PE
26050,32010,21021,9534,PE
26077,26557,14495,11140,PE
26093,8844,6093,2456,PE
26115,16704,12247,3666,PE
26131,8990,7475,1163,PE
26158,11706,9516,1713,PE
26174,6268,5347,753,PE
26190,10687,8615,1658,PE
26212,6087,5269,604,PE
26239,12493,8663,3395,PE
26255,16269,10797,4846,PE
26271,80213,45849,30453,PE
26298,99172,54184,39415,PE
26310,65606,37691,24746,PE
26336,15440,10954,3950,PE
27006,8518,3984,3924,AL
27014,10781,9295,890,AL
27022,6510,5663,495,AL
27030,8593,6234,1797,AL
27049,7878,6284,1077,AL
27057,116927,59431,48456,AL
27065,6123,3064,2669,AL
27073,22604,13894,7105,AL
27081,4044,2685,1074,AL
27090,9283,5358,3400,AL
27111,5905,2739,2769,AL
27138,9597,6244,2727,AL
27154,3488,2442,790,AL
27170,4461,3192,1006,AL
27197,13532,7789,4872,AL
27219,6123,4230,1471,AL
27235,5955,4189,1310,AL
27251,10006,6482,2840,AL
27278,18067,11834,5279,AL
27294,6562,5082,1136,AL
27316,9304,7512,1239,AL
27332,9481,5477,3392,AL
27359,5041,3945,726,AL
27375,4373,3193,909,AL
27391,6613,5049,1109,AL
27413,10290,5517,4190,AL
27430,3959,2367,1300,AL
27456,28689,13124,13580,AL
27472,28603,22645,4486,AL
27499,6543,4778,1399,AL
27510,13409,9890,2657,AL
27537,2444,1629,709,AL
27553,6099,3001,2685,AL
27570,19488,15297,3102,AL
27596,7922,4787,2590,AL
27618,13778,10652,2325,AL
27634,12847,9392,2704,AL
27650,9046,7310,1213,AL
27677,3633,2829,610,AL
27693,4237,2904,1107,AL
27715,5455,2426,2754,AL
27731,3759,2843,702,AL
27758,10324,7065,2685,AL
27774,3158,1899,1037,AL
27790,14246,9073,4195,AL
27812,11435,8047,2722,AL
27839,14158,10502,2946,AL
27855,484075,195714,240053,AL
27871,10919,7253,3012,AL
27898,16735,6966,8865,AL
27910,5647,4282,1005,AL
27936,31641,13719,15343,AL
27952,7773,4974,2356,AL
27979,2806,1942,659,AL
27995,11801,9432,1814,AL
28010,13026,5531,6749,AL
28037,10005,5776,3675,AL
28053,3543,2486,793,AL
28070,4167,3008,783,AL
28096,14390,8770,4630,AL
28118,6961,3437,3075,AL
28134,11588,7204,3652,AL
28150,5320,4522,523,AL
28177,3444,2689,557,AL
28193,7075,5042,1564,AL
28215,6959,5283,1252,AL
28231,3303,2442,600,AL
28258,39379,24549,12279,AL
28274,13632,9991,2810,AL
28290,8980,5249,3278,AL
28312,4712,3234,1147,AL
28339,30365,18665,9757,AL
28355,9994,6621,2830,AL
28371,20519,10993,7913,AL
28398,2045,1364,586,AL
28410,13414,10900,1800,AL
28436,7683,6285,880,AL
28452,15152,6865,7327,AL
28479,5366,2832,2235,AL
28495,12234,9354,2237,AL
28517,7323,5252,1672,AL
28533,48489,24603,20242,AL
28550,4040,2381,1380,AL
28576,4861,3033,1544,AL
28592,24173,17264,5387,AL
28614,6392,4696,1295,AL
28630,5058,3630,1218,AL
28657,12263,7207,4277,AL
28673,14694,11182,2324,AL
28690,16318,8611,6839,AL
28711,31726,15501,13946,AL
28738,5457,2718,2407,AL
28754,18737,13823,3872,AL
28770,10028,4732,4519,AL
28797,3800,3014,585,AL
28819,10065,7510,1948,AL
28835,13029,9935,2204,AL
28851,33038,19983,11002,AL
28878,15043,9441,4648,AL
28894,14721,11172,2625,AL
28916,6512,5175,867,AL
28932,20506,12651,6515,AL
29173,15,1,14,ZZ
29254,46,21,18,ZZ
29262,955,352,464,ZZ
29270,22,12,9,ZZ
29289,552,338,107,ZZ
29297,27,19,7,ZZ
29300,0,0,0,ZZ
29319,412,116,245,ZZ
29327,1143,256,772,ZZ
29335,437,164,205,ZZ
29343,105,46,42,ZZ
29351,4373,3070,901,ZZ
29360,2850,1601,947,ZZ
29378,49,30,8,ZZ
29386,7179,5713,809,ZZ
29394,44,23,21,ZZ
29408,691,365,242,ZZ
29416,12943,2982,9046,ZZ
29424,0,0,0,ZZ
29432,3646,1984,1271,ZZ
29440,54,29,12,ZZ
29459,607,491,72,ZZ
29467,6812,4406,1910,ZZ
29475,1371,584,666,ZZ
29483,70,42,21,ZZ
29491,1964,1100,535,ZZ
29505,0,0,0,ZZ
29513,2811,1446,947,ZZ
29521,0,0,0,ZZ
29530,155,82,49,ZZ
29548,390,182,97,ZZ
29556,2875,240,2561,ZZ
29564,0,0,0,ZZ
29572,258,93,148,ZZ
29580,38,2,35,ZZ
29599,1222,936,147,ZZ
29602,338,172,138,ZZ
29610,55,26,23,ZZ
29637,0,0,0,ZZ
29645,65,18,37,ZZ
29653,360,132,192,ZZ
29661,7594,5951,1038,ZZ
29670,131,15,111,ZZ
29688,2433,1632,421,ZZ
29696,4904,3143,1120,ZZ
29700,4493,1981,1930,ZZ
29718,70,7,55,ZZ
29742,5599,649,4220,ZZ
29750,20,13,4,ZZ
29769,0,0,0,ZZ
29777,31,28,1,ZZ
29785,625,390,127,ZZ
29793,178,55,86,ZZ
29807,4127,1195,2282,ZZ
29815,0,0,0,ZZ
29823,0,0,0,ZZ
29831,0,0,0,ZZ
29840,50,16,30,ZZ
29858,0,0,0,ZZ
29874,17,2,14,ZZ
29882,43,9,27,ZZ
29890,57,27,24,ZZ
29904,203,63,115,ZZ
29912,28,16,7,ZZ
29939,0,0,0,ZZ
29947,788,273,384,ZZ
29955,19770,12153,6068,ZZ
29963,0,0,0,ZZ
29971,14796,8165,5170,ZZ
29980,3938,1793,1671,ZZ
29998,236,124,93,ZZ
30007,53580,22196,28942,BA
30015,2174,1140,902,PE
30031,16248,10983,4493,RN
30058,60666,31206,25685,BA
30066,5437,2842,2004,ZZ
30074,79,34,32,ZZ
30082,63,20,35,ZZ
30090,291,117,150,ZZ
30104,1389,614,595,ZZ
30112,15732,2548,11682,ZZ
30120,6226,3124,2483,ZZ
30147,1290,687,434,ZZ
30155,5722,3475,1404,ZZ
30163,84,45,28,ZZ
30171,12,9,2,ZZ
30180,5018,3019,1241,ZZ
30198,14156,1682,10684,ZZ
30201,51,25,23,ZZ
30210,41,27,12,ZZ
30228,10997,4716,5088,ZZ
30244,830,549,161,ZZ
30252,1109,564,318,ZZ
30260,678,214,349,ZZ
30279,471,125,311,ZZ
30287,10063,7809,1384,ZZ
30295,0,0,0,ZZ
30309,350,92,230,ZZ
30317,76,48,19,ZZ
30325,34,17,16,ZZ
30333,7,2,4,ZZ
30341,14618,8813,4420,ZZ
30350,367,253,58,ZZ
30368,65,38,22,ZZ
30376,303,73,193,ZZ
30392,383,110,231,ZZ
30406,53,34,8,ZZ
30414,698,592,52,ZZ
30422,54,26,18,ZZ
30430,23,10,7,ZZ
30449,4189,2294,1401,ZZ
30457,5770,4094,961,ZZ
30465,575,29,535,ZZ
30473,1270,191,1014,ZZ
30481,1937,869,796,ZZ
30490,209,65,117,ZZ
30503,4030,2174,1344,ZZ
30511,367,136,169,ZZ
30520,74,22,41,ZZ
30538,207,130,53,ZZ
30546,33,22,6,ZZ
30562,4388,2385,1291,ZZ
30570,223,79,100,ZZ
30597,17,7,9,ZZ
30600,88,35,47,ZZ
30619,696,274,320,ZZ
30627,12105,1966,8103,ZZ
30635,9222,4663,3425,ZZ
30651,87,25,54,ZZ
30660,6507,5186,1137,BA
30669,0,0,0,ZZ
30678,6890,5184,1471,BA
30686,0,0,0,ZZ
30694,3343,2119,1082,BA
30708,14,8,6,ZZ
30716,9855,8144,1362,BA
30732,4471,3091,1149,BA
30740,311,213,55,ZZ
30759,8339,6585,1268,BA
30767,1386,864,313,ZZ
30775,10802,8997,1347,BA
30783,5010,2271,2089,ZZ
30791,11339,8737,2019,BA
30805,451,329,71,ZZ
30813,7048,5117,1527,BA
30821,39,4,33,ZZ
30830,17960,11588,5393,BA
30848,179,93,48,ZZ
30856,9756,7993,1434,BA
30864,5690,2683,2243,ZZ
30872,39739,28630,8478,BA
30899,11763,9803,1376,BA
30902,1431,443,820,ZZ
30910,11192,8322,2303,BA
30929,0,0,0,ZZ
30937,3243,2253,776,BA
30953,4681,4004,498,BA
30961,1777,873,730,ZZ
30970,9134,7650,914,BA
30988,0,0,0,ZZ
30996,14332,9351,4345,BA
31003,4387,3143,1054,SE
31011,2153,1472,547,SE
31038,12835,9492,2671,SE
31054,336702,176981,124846,SE
31070,7169,5429,1397,SE
31097,11188,7757,2825,SE
31119,19057,11104,6448,SE
31135,5436,4197,1061,SE
31151,16006,11117,4082,SE
31194,11193,8036,2605,SE
31216,3387,2632,612,SE
31232,16866,12856,3337,SE
31259,19069,12858,5036,SE
31275,12878,9020,3124,SE
31291,9338,6101,2767,SE
31313,4289,2910,1197,SE
31330,10271,8111,1780,SE
31356,5786,3625,1878,SE
31372,3450,2098,1127,SE
31399,3106,2372,600,SE
31410,36836,25843,8695,SE
31437,4657,3479,977,SE
31453,10254,6222,3601,SE
31470,2243,1611,496,SE
31496,7172,5852,996,SE
31518,4913,3879,808,SE
31534,5428,4168,1060,SE
31550,9553,7479,1631,SE
31577,57988,33995,19995,SE
31593,24241,14973,8088,SE
31615,3544,2491,843,SE
31631,21255,14184,5636,SE
31658,10610,7622,2194,SE
31674,8551,6362,1840,SE
31690,60749,41333,15951,SE
31712,16756,10771,4850,SE
31739,5062,3477,1295,SE
31755,3001,2300,580,SE
31771,7910,5660,1867,SE
31798,9771,7303,1943,SE
31810,7131,4493,2176,SE
31836,9175,6595,2211,SE
31852,5608,3936,1371,SE
31879,10335,7538,2381,SE
31895,22676,17024,4524,SE
31917,16195,9935,5199,SE
31933,4544,3556,831,SE
31950,91063,49785,33447,SE
31976,8313,6565,1320,SE
31992,2551,1769,658,SE
32018,5468,3933,1319,SE
32034,4291,3187,902,SE
32050,6068,4218,1462,SE
32077,15837,11939,3182,SE
32093,14548,10838,2704,SE
32115,17975,13725,3387,SE
32131,15366,9607,5041,SE
32158,13407,10527,2288,SE
32174,6188,4501,1396,SE
32190,11235,7426,3165,SE
32212,6421,4579,1399,SE
32239,13219,9918,2613,SE
32255,8037,6239,1415,SE
32298,3261,2320,765,SE
32310,6967,5644,1056,SE
32336,46991,28618,14631,SE
32352,5848,3893,1770,SE
32379,2793,2035,612,SE
32395,3034,2207,680,SE
32417,27492,20147,5798,SE
32433,5196,3764,1157,SE
32450,2878,1912,869,SE
32476,32162,21584,8951,SE
32492,7076,4871,1882,SE
32514,14023,9573,3708,SE
33014,5057,3274,1433,BA
33030,11526,8798,2331,BA
33057,8791,6794,1548,BA
33065,9207,7373,1332,BA
33073,9061,7125,1461,BA
33090,5942,4619,1029,BA
33111,2969,2193,634,BA
33138,84641,56247,22020,BA
33154,12979,8984,3430,BA
33170,3485,2736,615,BA
33197,20923,13958,6033,BA
33219,14904,11548,2458,BA
33235,14056,10563,2610,BA
33251,7296,6190,894,BA
33260,9761,8676,825,BA
33278,9782,7497,1925,BA
33294,7105,5840,1024,BA
33316,8125,5699,1960,BA
33332,9155,8080,787,BA
33359,6491,4885,1355,BA
33375,9941,7625,1710,BA
33383,7652,6089,1217,BA
33391,9738,7610,1769,BA
33405,4440,3122,1125,BA
33413,28471,23385,3682,BA
33430,7037,5832,839,BA
33456,6312,5022,987,BA
33472,7061,5086,1617,BA
33499,9297,6815,2072,BA
33510,10725,7404,2712,BA
33529,7941,6093,1417,BA
33537,26749,21605,4079,BA
33553,15849,11769,3367,BA
33570,21084,16219,3681,BA
33596,9536,8342,824,BA
33618,2953,1893,856,BA
33634,82598,47952,30197,BA
33650,4305,3067,959,BA
33677,11169,7605,3057,BA
33693,11556,8583,2421,BA
33715,9283,7882,1017,BA
33731,8543,7118,1001,BA
33758,10323,7431,2390,BA
33774,36387,27731,7159,BA
33782,6394,5451,673,BA
33790,7787,5537,1943,BA
33804,9346,7602,1365,BA
33812,11789,10579,879,BA
33839,6706,5457,946,BA
33855,7994,5775,1836,BA
33871,5984,4217,1442,BA
33898,6936,5239,1338,BA
33910,41055,27831,11262,BA
33936,9194,3581,4907,BA
33952,4443,2950,1221,BA
33960,10145,8433,1240,BA
33979,19530,15921,2713,BA
33995,13709,9571,3307,BA
34010,5899,4810,823,BA
34029,7489,6535,719,BA
34037,32756,25307,5835,BA
34053,10844,7945,2392,BA
34070,10612,6846,3211,BA
34096,7526,5986,1164,BA
34118,13153,7618,4708,BA
34134,149384,96759,41549,BA
34150,17484,11173,5185,BA
34177,17262,14265,2430,BA
34193,43098,30654,10017,BA
34215,6548,5233,1115,BA
34231,15219,11925,2569,BA
34258,17291,10936,5265,BA
34274,6052,4651,1165,BA
34290,50238,40234,7471,BA
34312,8429,6436,1654,BA
34339,14775,10433,3599,BA
34355,22094,18667,2660,BA
34363,6304,4701,1173,BA
34371,11556,7646,3387,BA
34398,5421,4743,500,BA
34410,16902,11160,4943,BA
34436,44250,34612,8205,BA
34452,17302,13961,2701,BA
34479,3119,2448,559,BA
34495,31182,23703,5531,BA
34509,5353,4477,635,BA
34517,10293,8101,1712,BA
34533,6750,5651,854,BA
34550,19280,14472,3889,BA
34576,10173,6813,2849,BA
34592,11450,7483,3373,BA
34614,11622,7878,3332,BA
34630,13574,10569,2329,BA
34657,11541,9457,1683,BA
34673,41975,26448,13460,BA
34690,20551,14526,4685,BA
34711,13566,10418,2475,BA
34738,10634,7264,2659,BA
34754,3293,2475,647,BA
34770,16780,13554,2505,BA
34797,4904,3144,1422,BA
34819,9198,6845,2015,BA
34835,10789,8511,1783,BA
34851,19772,14605,4278,BA
34878,8765,7011,1499,BA
34894,2917,2376,422,BA
34916,11631,9712,1447,BA
34932,9146,6615,2066,BA
34959,38429,25821,10527,BA
34975,20116,15857,3457,BA
34991,5702,4307,1099,BA
35017,8397,7163,964,BA
35033,3503,2505,823,BA
35050,5525,4017,1276,BA
35076,11052,7979,2507,BA
35092,22445,17300,4011,BA
35114,19584,15155,3561,BA
35130,34631,27893,5200,BA
35149,4006,2518,1347,BA
35157,343287,211813,107271,BA
35173,3613,2440,1025,BA
35190,5768,4280,1211,BA
35211,14737,10304,3774,BA
35238,17394,10590,5887,BA
35254,7631,6387,996,BA
35270,9895,8601,1004,BA
35297,3628,2733,730,BA
35319,13508,10550,2083,BA
35335,51530,33200,15837,BA
35351,10856,7396,2958,BA
35378,14100,11194,2362,BA
35394,6516,4397,1713,BA
35416,13805,8693,4322,BA
35432,11614,7834,3255,BA
35459,8631,6091,2126,BA
35475,10618,8933,1374,BA
35491,16515,12689,3102,BA
35513,9182,6784,2025,BA
35530,2877,2371,352,BA
35556,9916,7057,2314,BA
35572,5618,2937,2494,BA
35599,10816,6742,3370,BA
35610,8632,6617,1620,BA
35637,12185,9885,1828,BA
35653,15915,11020,4324,BA
35670,4710,3632,875,BA
35696,9559,8175,1038,BA
35700,6413,4713,1274,BA
35718,12889,8560,3794,BA
35734,100054,57891,34109,BA
35750,19974,15361,3554,BA
35777,10872,8782,1617,BA
35793,23526,15249,7099,BA
35815,34555,26950,5830,BA
35831,6510,4593,1632,BA
35858,3902,3031,741,BA
35874,6329,4955,1138,BA
35890,14363,12688,1287,BA
35912,18521,14300,3120,BA
35939,38925,27119,9898,BA
35947,15874,9622,5592,BA
35955,37235,26701,8447,BA
35971,113290,56676,46949,BA
35998,13447,9733,3239,BA
36013,7777,5509,2032,BA
36030,7146,4861,1927,BA
36056,8769,5867,2504,BA
36072,4263,2838,1172,BA
36080,8069,6766,1072,BA
36099,3929,2269,1489,BA
36110,12358,8235,3499,BA
36137,34019,16691,15716,BA
36153,4539,3080,1233,BA
36170,13819,9489,3594,BA
36196,4458,3575,698,BA
36218,10797,6718,3507,BA
36234,14104,11033,2443,BA
36250,6279,4021,1935,BA
36277,5607,4103,1265,BA
36293,36893,19052,15715,BA
36315,16770,13715,2266,BA
36331,4493,3198,1084,BA
36358,4646,3447,1004,BA
36374,10241,6164,3658,BA
36382,9570,6727,2359,BA
36390,6770,4863,1582,BA
36412,20766,14896,4921,BA
36439,11965,7555,3782,BA
36455,11732,8148,2949,BA
36471,12826,7740,4318,BA
36498,8430,6682,1371,BA
36510,45400,32313,10729,BA
36536,25222,17054,7142,BA
36552,16738,12274,3380,BA
36579,11265,8935,1786,BA
36595,6218,5061,902,BA
36617,88962,55276,27874,BA
36633,21649,17545,3240,BA
36650,8240,6306,1525,BA
36676,8925,6397,2108,BA
36692,126502,82560,37379,BA
36706,6136,4189,1583,BA
36714,10084,8970,806,BA
36730,5006,3764,974,BA
36757,3144,2497,512,BA
36765,7924,6563,974,BA
36773,14925,10847,3501,BA
36790,3186,1890,1179,BA
36811,2620,2110,411,BA
36820,4668,3716,765,BA
36838,5717,5014,529,BA
36854,117493,74506,34005,BA
36870,5971,4989,815,BA
36897,7373,5394,1698,BA
36919,26880,20337,5427,BA
36935,6853,5138,1375,BA
36951,9106,5424,3222,BA
36978,24208,18848,4233,BA
36994,5059,4209,603,BA
37010,5431,3295,1929,BA
37036,9976,7524,1945,BA
37052,10131,7190,2601,BA
37079,5989,4332,1422,BA
37095,9526,7707,1392,BA
37117,15504,11856,2878,BA
37133,26699,21245,4210,BA
37150,10553,7976,2029,BA
37176,5385,4252,956,BA
37192,6644,4796,1558,BA
37214,30560,23148,5855,BA
37222,7171,6273,673,BA
37230,13845,8215,5164,BA
37257,15191,10530,3942,BA
37273,6838,5078,1517,BA
37290,9277,7212,1690,BA
37303,5827,4593,985,BA
37311,30988,26669,3250,BA
37338,5662,4139,1343,BA
37354,19492,14845,3608,BA
37370,6702,4080,2184,BA
37397,7381,5054,1981,BA
37419,20369,11160,8197,BA
37427,8243,7141,739,BA
37435,10798,8409,1845,BA
37451,6202,4795,1125,BA
37460,7219,5581,1415,BA
37478,16959,13585,2452,BA
37494,13120,9398,2933,BA
37516,17107,12977,3307,BA
37532,7054,5160,1491,BA
37559,8819,6842,1598,BA
37567,5812,4316,1182,BA
37575,4751,3576,976,BA
37583,4705,4042,508,BA
37591,15129,12760,1707,BA
37613,22254,11496,9678,BA
37621,5954,4727,885,BA
37630,14249,11800,1907,BA
37656,12455,10094,1918,BA
37672,5120,4275,556,BA
37680,10465,6429,3688,BA
37699,13153,11048,1715,BA
37710,5980,5087,721,BA
37737,12614,9886,2092,BA
37753,17898,14863,2488,BA
37770,17471,13791,2864,BA
37796,5623,3219,2130,BA
37818,62575,48382,11516,BA
37834,4962,4272,453,BA
37850,7377,6044,885,BA
37877,12026,8539,2466,BA
37893,20647,17063,2785,BA
37915,9909,7764,1657,BA
37931,12035,8299,3235,BA
37940,5197,3760,1153,BA
37958,6177,4667,1130,BA
37974,10602,7816,2267,BA
37990,5061,4038,804,BA
38016,14739,10085,3671,BA
38032,27156,19938,5748,BA
38059,20750,15608,3960,BA
38067,10023,7707,1775,BA
38075,78002,42783,30988,BA
38091,5769,3628,1902,BA
38113,17056,9505,6936,BA
38130,9445,8203,981,BA
38156,7392,5966,1107,BA
38164,16041,10984,4073,BA
38172,15056,10972,3346,BA
38199,15947,12759,2312,BA
38210,23721,19164,3628,BA
38237,9713,7564,1669,BA
38253,14228,10976,2878,BA
38270,21957,17622,3160,BA
38296,17662,14802,2211,BA
38318,8797,7075,1250,BA
38334,32413,24152,6613,BA
38342,5913,4371,1280,BA
38350,9129,6786,1885,BA
38377,8087,6416,1322,BA
38393,6293,4915,1126,BA
38415,21048,14650,4857,BA
38431,5903,4823,893,BA
38458,17111,12842,3580,BA
38474,10747,8823,1477,BA
38490,1526709,1022728,367452,BA
38512,15184,11958,2542,BA
38539,8613,7219,1050,BA
38555,15733,9605,5392,BA
38571,3234,2005,1011,BA
38598,5754,4772,770,BA
38610,23721,17348,5101,BA
38636,23017,16489,5498,BA
38652,15614,11374,3723,BA
38679,6831,5558,974,BA
38695,6633,5242,1108,BA
38717,37085,30223,4727,BA
38733,58131,38286,16632,BA
38750,29517,24204,4147,BA
38776,19560,13454,5373,BA
38792,8074,6545,1066,BA
38806,6290,4522,1356,BA
38814,13374,10025,2647,BA
38822,9633,6077,3102,BA
38830,25656,20955,3343,BA
38857,23187,18343,3665,BA
38865,6126,4611,1168,BA
38873,7382,5649,1444,BA
38881,0,0,0,ZZ
38890,26615,22275,3069,BA
38903,0,0,0,ZZ
38911,12096,9300,2120,BA
38920,0,0,0,ZZ
38938,9788,7526,1671,BA
38946,9502,7339,1689,BA
38954,6504,4932,1252,BA
38962,8,6,2,ZZ
38970,26839,22505,3397,BA
38989,0,0,0,ZZ
38997,5309,3931,1167,BA
39004,139,52,77,ZZ
39012,39573,25238,11990,BA
39020,46,25,14,ZZ
39039,22189,16270,5064,BA
39047,18732,14191,3809,BA
39055,10802,6970,3432,BA
39063,5641,3119,1712,ZZ
39071,12937,10663,1770,BA
39080,4320,973,2879,ZZ
39098,48318,35341,10496,BA
39102,41,11,25,ZZ
39110,7819,5486,1938,BA
39128,0,0,0,ZZ
39136,66750,46408,15715,BA
39144,8085,6112,1663,BA
39152,10896,9615,895,BA
39160,76,50,15,ZZ
39179,7744,6137,1272,BA
39187,0,0,0,ZZ
39195,13796,10333,2816,BA
39209,66,24,14,ZZ
39217,5920,4621,1087,BA
39225,0,0,0,ZZ
39233,10374,7785,2086,BA
39241,0,0,0,ZZ
39250,7695,6230,1155,BA
39263,0,0,0,ZZ
39276,5285,4580,463,BA
39284,0,0,0,ZZ
39292,13001,10962,1521,BA
39306,126,72,44,ZZ
39314,8518,6489,1669,BA
39322,25,13,7,ZZ
39330,7775,6246,1089,BA
39357,10641,8156,1919,BA
39373,30103,23420,5309,BA
39390,16399,13638,1999,BA
39411,11701,8187,2948,BA
39438,10213,6278,3310,BA
39454,8825,5618,2674,BA
39470,9349,7339,1644,BA
39489,8478,5932,2182,BA
39497,11225,6485,3911,BA
39519,9742,7707,1749,BA
39535,13175,7916,4617,BA
39551,9341,7225,1705,BA
39578,47726,31207,13552,BA
39594,15498,9990,4440,BA
39616,5155,3717,1152,BA
39624,6952,5045,1554,BA
39632,25764,19474,4946,BA
39640,4776,3198,1353,BA
39659,201970,111892,73828,BA
39675,5062,3884,969,BA
39691,12100,8412,2981,BA
39713,25741,19828,4677,BA
39730,17630,13753,3301,BA
39748,12747,9982,2151,BA
39756,4481,3395,786,BA
39772,6878,5517,1021,BA
39799,7381,5932,1177,BA
39810,9067,5988,2413,BA
39837,6164,3893,1929,BA
39845,6360,3968,2056,BA
39853,12962,9704,2680,BA
39870,6088,4055,1708,BA
39896,12718,10943,1372,BA
39900,7304,5885,1075,BA
39918,10901,8987,1506,BA
39926,3630,2139,1266,BA
39934,78522,38327,35936,BA
39942,7226,5514,1328,BA
39950,7617,5571,1613,BA
39969,3888,2504,1195,BA
39977,7702,5830,1477,BA
39985,15055,11323,3075,BA
39993,8232,5814,2201,BA
40002,4585,2617,1564,MG
40010,4378,2228,1869,MG
40029,4904,2412,2192,MG
40037,13580,6119,6504,MG
40045,8709,5056,3294,MG
40053,8628,5004,3139,MG
40061,2631,1264,1224,MG
40070,2508,1702,665,MG
40088,5939,3032,2637,MG
40096,5225,3124,1856,MG
40100,5393,4024,1114,MG
40118,7366,4612,2418,MG
40126,3625,2248,1141,MG
40134,1751,744,923,MG
40142,4773,3141,1387,MG
40150,2943,1500,1235,MG
40169,4810,2740,1825,MG
40177,10539,5940,4049,MG
40185,4227,2181,1870,MG
40193,6504,4399,1656,MG
40207,6237,3598,2310,MG
40215,13701,6036,6976,MG
40223,3200,2233,819,MG
40231,3715,1914,1545,MG
40240,6044,4313,1505,MG
40258,1849,606,1091,MG
40266,9733,4752,4501,MG
40274,2256,707,1416,MG
40282,18320,11109,6511,MG
40290,20701,11157,8165,MG
40304,2900,1996,781,MG
40312,44988,18009,23542,MG
40320,17186,8171,7538,MG
40339,20825,14645,5235,MG
40347,5574,3137,2159,MG
40355,4391,2412,1772,MG
40363,4824,2666,1964,MG
40371,11946,5271,5736,MG
40380,5647,4112,1247,MG
40398,9229,4062,4697,MG
40401,4514,3049,1190,MG
40410,7128,5052,1602,MG
40428,4860,2780,1801,MG
40436,3316,1823,1369,MG
40444,4869,3428,1209,MG
40452,9761,6437,2662,MG
40460,3954,2587,1060,MG
40479,2931,2159,598,MG
40487,3839,2186,1491,MG
40495,3438,2551,710,MG
40509,5452,3836,1334,MG
40517,22305,7204,13251,MG
40525,3821,2737,848,MG
40533,4728,3231,1287,MG
40541,5194,3983,1046,MG
40550,6833,3718,2544,MG
40568,4452,2328,1961,MG
40576,7254,4576,2134,MG
40584,6006,4059,1592,MG
40592,6417,3493,2440,MG
40606,4090,2589,1245,MG
40614,1463,842,536,MG
40622,3872,2300,1264,MG
40630,1883,1048,657,MG
40649,5329,2611,2413,MG
40657,1915,1185,572,MG
40665,4339,2045,2040,MG
40673,18049,11733,5512,MG
40681,17361,6817,9595,MG
40690,66624,24703,36783,MG
40703,3593,2616,776,MG
40711,2050,1386,538,MG
40720,7059,3356,3460,MG
40738,4896,3575,1045,MG
40746,3624,1822,1636,MG
40754,2333,828,1333,MG
40762,2797,2090,535,MG
40770,5068,2003,2705,MG
40789,15425,6766,7307,MG
40797,59959,25864,28179,MG
40800,19388,8277,9481,MG
40819,5529,2275,2843,MG
40827,2551,1752,647,MG
40835,24436,10064,11953,MG
40843,4175,1736,2191,MG
40851,8745,3400,4599,MG
40860,7555,3255,3909,MG
40878,2239,1531,607,MG
40886,5219,3240,1665,MG
40894,9278,5555,3210,MG
40908,4098,2249,1734,MG
40916,8354,4266,3665,MG
40924,2114,1554,475,MG
40932,7320,4923,2087,MG
40940,3650,2438,1049,MG
40959,2843,1615,1028,MG
40967,2774,1980,620,MG
40975,11644,4084,6702,MG
40983,4213,1647,2227,MG
40991,5327,2670,2160,MG
41009,4469,3633,676,MG
41017,13777,7173,5532,MG
41025,9366,4270,4297,MG
41033,2978,2329,515,MG
41041,5817,3185,2388,MG
41050,3963,1554,2111,MG
41068,2460,1833,506,MG
41076,18501,10079,6613,MG
41084,2674,1976,532,MG
41092,4124,2663,1297,MG
41106,2331,1430,789,MG
41114,75241,40846,28281,MG
41122,5148,3306,1381,MG
41130,4149,2971,942,MG
41149,2476,1347,1007,MG
41157,17398,8462,7792,MG
41165,4511,2870,1431,MG
41173,13122,7550,4529,MG
41181,3207,1921,1084,MG
41190,6222,3902,1889,MG
41203,3763,2811,780,MG
41211,2374,1532,694,MG
41220,3283,2440,671,MG
41238,1500199,638002,699105,MG
41246,4787,2648,1881,MG
41254,14188,7341,6172,MG
41262,2991,2098,776,MG
41270,6143,3569,2132,MG
41289,3694,2774,754,MG
41297,5456,4028,1137,MG
41300,3725,2976,610,MG
41319,2924,2069,750,MG
41327,4531,2148,2163,MG
41335,233036,106684,105877,MG
41343,5579,2556,2772,MG
41351,2793,1960,626,MG
41360,3031,1879,1006,MG
41378,8589,4428,3470,MG
41386,4095,2932,918,MG
41394,1869,958,772,MG
41408,2511,1961,436,MG
41416,23135,10777,10598,MG
41424,4328,2265,1846,MG
41432,3338,1782,1280,MG
41440,2505,1522,819,MG
41459,26876,18570,6887,MG
41467,4976,2137,2378,MG
41475,28330,9411,16382,MG
41483,2792,2226,391,MG
41491,4377,2531,1485,MG
41505,3551,2551,814,MG
41513,2670,974,1457,MG
41521,4258,2919,1075,MG
41530,3736,2229,1219,MG
41548,3960,1829,1886,MG
41556,8945,4865,3709,MG
41564,2316,1226,981,MG
41572,7163,3431,3206,MG
41580,2193,1169,905,MG
41599,10868,5664,4297,MG
41602,6653,5008,1441,MG
41610,5178,2756,1850,MG
41629,15796,8235,6394,MG
41637,3464,1996,1260,MG
41645,4917,2304,2214,MG
41653,9839,3691,5131,MG
41661,3542,1018,2385,MG
41670,9363,4964,3735,MG
41688,4428,2360,1793,MG
41696,3596,2740,644,MG
41700,3205,2172,849,MG
41718,18590,12775,4795,MG
41726,2969,1991,740,MG
41734,3069,1858,1051,MG
41742,5441,4342,815,MG
41750,2879,1703,1020,MG
41769,3117,1530,1414,MG
41777,8990,3689,4332,MG
41785,3945,1977,1736,MG
41793,24455,11438,10520,MG
41807,2742,2135,488,MG
41815,6396,2028,3794,MG
41823,2451,1741,563,MG
41831,5044,3064,1604,MG
41840,3658,2047,1202,MG
41858,13703,6318,6588,MG
41866,3135,2221,707,MG
41874,13571,7642,5062,MG
41882,6259,4070,1917,MG
41890,7337,3724,3138,MG
41904,4218,3391,564,MG
41912,2753,1381,1109,MG
41920,5348,2253,2649,MG
41939,7492,2597,4092,MG
41947,4013,1598,1897,MG
41955,1825,1206,528,MG
41963,3180,2330,706,MG
41971,6609,2756,3266,MG
41980,2779,1083,1564,MG
41998,25470,12904,9555,MG
42005,4394,2580,1560,MG
42013,3154,1780,1193,MG
42021,5096,3125,1731,MG
42030,3531,2503,860,MG
42048,2642,1219,1307,MG
42056,8088,3088,4279,MG
42064,2432,1623,668,MG
42072,2388,1383,869,MG
42080,2902,2254,507,MG
42099,13027,5491,6686,MG
42102,3351,2249,941,MG
42110,15842,6242,7825,MG
42129,3024,2132,744,MG
42137,7355,3450,3227,MG
42145,2165,903,1138,MG
42153,2159,1413,643,MG
42161,3107,1651,1236,MG
42170,9081,3234,5149,MG
42188,3814,3102,546,MG
42196,12509,4457,6805,MG
42200,3812,2916,710,MG
42218,10612,5017,5048,MG
42226,4076,2383,1507,MG
42234,28466,11575,14632,MG
42242,3955,2192,1561,MG
42250,7365,4310,2643,MG
42269,5804,4519,989,MG
42277,4811,2647,1973,MG
42285,3490,2556,767,MG
42293,7029,2818,3759,MG
42307,2472,1740,563,MG
42315,14866,6428,7413,MG
42323,2628,1650,826,MG
42331,3373,2416,709,MG
42340,2205,1216,837,MG
42358,6424,3921,2195,MG
42366,3673,1789,1721,MG
42374,3713,1850,1671,MG
42382,2895,2020,734,MG
42390,8480,4020,3888,MG
42404,5346,4151,949,MG
42412,3279,1320,1775,MG
42420,2703,1587,990,MG
42439,3369,2094,979,MG
42447,2398,1432,882,MG
42455,20382,11470,7616,MG
42463,2467,1268,1068,MG
42471,3983,1839,1853,MG
42480,3001,1401,1363,MG
42498,6206,2589,3083,MG
42501,4913,2543,2080,MG
42510,8615,4891,3314,MG
42528,4643,3399,1083,MG
42536,8950,6269,2256,MG
42544,3532,2517,818,MG
42552,5761,2230,3171,MG
42560,3556,1973,1355,MG
42579,5991,3541,2138,MG
42587,3151,1631,1164,MG
42595,9040,6720,1818,MG
42617,2449,1396,835,MG
42633,15862,8401,6309,MG
42650,18064,9422,7390,MG
42676,45862,20758,22135,MG
42692,5398,3458,1656,MG
42714,3878,1711,1869,MG
42730,10666,6409,3668,MG
42757,1703,1028,567,MG
42773,6834,3788,2407,MG
42790,7432,4287,2550,MG
42811,7475,3448,3462,MG
42838,14537,6416,6747,MG
42854,15820,5538,9356,MG
42870,11812,4816,6068,MG
42897,10940,5274,4801,MG
42919,2645,1375,1032,MG
42935,2557,1094,1344,MG
42951,3018,1520,1218,MG
42978,2093,920,956,MG
42994,2596,1120,1328,MG
43010,9950,4609,4566,MG
43036,2890,1636,1026,MG
43052,39577,23298,13514,MG
43079,2866,1913,759,MG
43095,12488,6106,5246,MG
43117,894,432,390,MG
43133,4046,1956,1895,MG
43150,5632,3638,1742,MG
43176,2980,1725,1070,MG
43192,4033,2133,1764,MG
43214,5340,4354,749,MG
43230,2303,1179,966,MG
43257,3649,2362,1001,MG
43273,3604,1087,2286,MG
43290,5597,3174,2045,MG
43311,16746,5357,9597,MG
43338,4894,2999,1507,MG
43354,4421,2890,1279,MG
43370,2044,874,1068,MG
43397,4409,3386,805,MG
43419,6166,2894,2890,MG
43435,2017,933,829,MG
43451,14603,8176,5793,MG
43478,3178,1830,1238,MG
43494,12405,8367,3255,MG
43516,3868,1329,2249,MG
43532,7514,4281,2761,MG
43559,6928,2440,3801,MG
43575,7318,2602,4080,MG
43591,32939,16486,13048,MG
43613,2647,1952,561,MG
43630,4208,2070,1817,MG
43656,76236,40769,27796,MG
43672,11302,4790,5868,MG
43699,1359,600,625,MG
43710,359441,151516,171682,MG
43737,5684,2551,2664,MG
43753,14926,10933,3200,MG
43770,5389,2914,2096,MG
43796,2053,1110,799,MG
43818,13474,7866,4774,MG
43834,5359,3145,1909,MG
43850,17677,7080,9176,MG
43877,59567,24069,31812,MG
43893,5046,3786,1066,MG
43915,2230,1247,820,MG
43931,2266,1396,669,MG
43958,2193,1016,1050,MG
43974,3086,1290,1484,MG
43990,2573,1657,813,MG
44016,2573,1938,477,MG
44032,6251,3007,2813,MG
44059,3408,2467,769,MG
44075,3357,1595,1462,MG
44091,5953,2336,3102,MG
44113,3915,1806,1779,MG
44130,3088,1319,1580,MG
44156,9521,5206,3622,MG
44172,43599,22169,17903,MG
44199,3489,2603,678,MG
44210,5031,2107,2483,MG
44237,4383,1947,2152,MG
44253,3411,1943,1160,MG
44270,4522,1718,2336,MG
44296,2831,1496,1066,MG
44318,27084,17923,7167,MG
44334,2793,2089,524,MG
44350,4614,2686,1701,MG
44377,3526,2381,939,MG
44393,11290,6492,4288,MG
44415,3034,1475,1392,MG
44431,3903,2310,1372,MG
44458,133678,56562,65668,MG
44474,3740,1901,1596,MG
44490,3172,1473,1555,MG
44512,2822,1807,843,MG
44539,3264,2124,872,MG
44555,2325,1039,1099,MG
44571,4520,2457,1848,MG
44598,6247,2952,2695,MG
44610,3453,2174,1103,MG
44636,7739,3035,4145,MG
44652,3793,2333,1206,MG
44679,1496,681,726,MG
44695,1588,885,567,MG
44717,15245,5835,8197,MG
44733,5149,2664,2241,MG
44750,4323,3105,1006,MG
44776,9477,5116,3389,MG
44792,11778,7731,3251,MG
44814,38825,20127,15575,MG
44830,13198,6857,5661,MG
44857,17425,11336,5243,MG
44873,3924,1908,1718,MG
44890,7258,3016,3541,MG
44911,2074,1275,678,MG
44938,2066,988,929,MG
44954,4259,2497,1545,MG
44970,6957,3482,3120,MG
44997,3324,2228,953,MG
45012,26753,11200,13154,MG
45039,2289,1082,1090,MG
45055,2451,1494,819,MG
45071,3133,1898,908,MG
45098,1962,1480,339,MG
45110,3552,2498,825,MG
45136,8289,4686,2890,MG
45152,1829,890,830,MG
45179,5789,3847,1573,MG
45195,5025,2436,2086,MG
45217,40580,14754,21644,MG
45233,4274,2632,1430,MG
45250,2193,920,1088,MG
45276,2192,1330,719,MG
45292,4317,3024,1023,MG
45314,2980,1813,974,MG
45330,13673,9788,3222,MG
45357,3677,2475,1052,MG
45373,4746,2694,1796,MG
45390,7649,4099,3218,MG
45411,29698,12801,15115,MG
45438,3699,1645,1704,MG
45454,3621,1824,1677,MG
45470,2842,987,1523,MG
45497,2924,1716,987,MG
45519,7429,5053,1878,MG
45535,146709,53339,84540,MG
45551,7871,5697,1759,MG
45578,1246,596,574,MG
45594,16261,8763,6333,MG
45616,7875,2881,4537,MG
45632,5866,4002,1431,MG
45659,11139,6312,4027,MG
45675,5237,3405,1538,MG
45691,2656,1425,1042,MG
45713,4214,2025,1957,MG
45730,28311,13672,12288,MG
45756,5001,2975,1704,MG
45772,5058,2281,2382,MG
45799,5562,3398,1837,MG
45810,3533,1683,1620,MG
45837,3980,2078,1481,MG
45853,5953,2817,2883,MG
45870,3696,2595,869,MG
45896,12094,6019,5317,MG
45918,4299,3233,862,MG
45934,6832,2836,3637,MG
45950,95720,46074,41359,MG
45977,2517,711,1649,MG
45993,1904,949,784,MG
46019,23825,10933,10839,MG
46035,6233,2678,3191,MG
46051,4792,2573,1932,MG
46078,4205,2006,1689,MG
46094,7448,3793,3241,MG
46116,4912,2083,2458,MG
46132,3752,2042,1537,MG
46159,2035,1148,718,MG
46175,14344,6498,7134,MG
46191,4379,2215,1843,MG
46213,4595,2784,1527,MG
46230,10938,5372,5008,MG
46256,133714,45297,79427,MG
46272,2624,1606,892,MG
46299,6084,2641,3003,MG
46310,4795,2218,2393,MG
46337,69827,35025,27203,MG
46353,5970,3009,2664,MG
46370,32176,16176,12009,MG
46396,3389,2624,581,MG
46418,8823,6166,2292,MG
46434,8076,3502,3602,MG
46450,5633,3743,1534,MG
46477,54180,17695,31321,MG
46493,17865,10799,5899,MG
46515,2809,1709,937,MG
46531,11516,7693,3338,MG
46558,1898,1221,501,MG
46574,6672,2982,3225,MG
46590,8985,3371,4854,MG
46612,9457,4072,4431,MG
46639,6470,3565,2607,MG
46655,11088,6506,4077,MG
46671,7643,3417,3663,MG
46698,13621,7222,5360,MG
46710,6169,2255,3469,MG
46736,7780,3008,4210,MG
46752,54045,17554,31636,MG
46779,4319,2591,1400,MG
46795,7328,5667,1445,MG
46817,3612,1287,2158,MG
46833,56711,31282,21868,MG
46850,4421,2304,1660,MG
46876,21890,11617,9239,MG
46892,2829,1716,907,MG
46914,11335,5715,4555,MG
46930,6177,4028,1866,MG
46957,4429,1221,2820,MG
46973,14020,3682,9293,MG
46990,2400,1110,1161,MG
47015,38802,21150,15529,MG
47031,33865,24868,7199,MG
47058,2776,1241,1225,MG
47074,4564,2708,1467,MG
47090,7134,4797,1930,MG
47112,4259,3006,1021,MG
47139,4381,2092,1930,MG
47155,11769,8828,2462,MG
47171,3145,1402,1477,MG
47198,6807,5103,1433,MG
47210,3363,1857,1287,MG
47236,45264,21601,19501,MG
47252,27221,12791,13036,MG
47279,2350,1310,854,MG
47295,5041,3128,1694,MG
47317,4000,2309,1354,MG
47333,317458,167048,121945,MG
47350,3479,2366,930,MG
47376,7096,2633,3907,MG
47392,7215,5187,1640,MG
47414,4811,2125,2369,MG
47430,26955,10022,14777,MG
47457,2485,1524,836,MG
47473,7939,3756,3466,MG
47490,11482,4961,5598,MG
47511,38128,13752,20728,MG
47538,11579,5568,5529,MG
47554,12674,4533,7218,MG
47570,2643,1907,580,MG
47597,4360,2179,1996,MG
47619,4010,2577,1224,MG
47635,55315,25243,24450,MG
47651,2532,1063,1285,MG
47678,30600,17698,10855,MG
47694,3245,1953,956,MG
47716,10688,7229,2717,MG
47732,3412,1863,1250,MG
47759,10279,4330,5320,MG
47775,4222,2654,1385,MG
47791,22548,8372,12612,MG
47813,3403,1989,1143,MG
47830,9723,6271,2933,MG
47856,10796,6995,3358,MG
47872,44770,19359,22500,MG
47899,12343,5988,5531,MG
47910,14307,5663,7830,MG
47937,5045,2147,2501,MG
47953,7884,3959,3369,MG
47970,9535,3326,5257,MG
47996,38113,25076,9949,MG
48011,2949,1924,885,MG
48038,2303,1113,1049,MG
48054,3250,1642,1377,MG
48070,2245,1019,1005,MG
48097,8162,3167,4384,MG
48119,2580,1955,503,MG
48135,19741,9045,8957,MG
48151,9170,4975,3603,MG
48178,10745,5890,4403,MG
48194,8209,5058,2757,MG
48216,22560,10803,9629,MG
48232,2389,1123,1096,MG
48259,2337,897,1276,MG
48275,10920,7400,3111,MG
48291,3526,1886,1383,MG
48313,6420,4165,1824,MG
48330,3611,1884,1512,MG
48356,12976,9977,2437,MG
48372,2474,1256,1048,MG
48399,8164,5721,2039,MG
48410,6218,3597,2312,MG
48437,7731,3656,3620,MG
48453,4013,1867,1761,MG
48470,4931,2193,2355,MG
48496,1537,981,468,MG
48518,5160,2503,2281,MG
48534,8510,5839,2283,MG
48550,10692,5656,4347,MG
48577,13114,7832,4657,MG
48593,8066,3889,3539,MG
48615,26777,13695,11325,MG
48631,11897,5237,5608,MG
48658,222382,103694,99858,MG
48674,13982,3246,9824,MG
48690,5195,2360,2565,MG
48712,2046,1414,515,MG
48739,2558,1746,660,MG
48755,4477,2023,2183,MG
48771,59782,27340,28731,MG
48798,15801,7472,7613,MG
48810,13383,5789,6591,MG
48836,1705,1119,512,MG
48852,19691,9662,9124,MG
48879,2997,1052,1578,MG
48895,5030,3193,1464,MG
48917,15026,6925,6868,MG
48933,10918,6130,3856,MG
48950,58726,27956,24108,MG
48976,2480,1493,833,MG
48992,9168,4414,4276,MG
49018,9828,3912,5169,MG
49034,46543,12729,31098,MG
49050,13987,10489,2891,MG
49077,1704,1116,470,MG
49093,1976,1178,652,MG
49115,25163,11995,10656,MG
49131,1939,1363,447,MG
49158,2577,1014,1378,MG
49174,24310,11997,10053,MG
49190,18351,5688,10885,MG
49212,48979,32572,12345,MG
49239,4795,2882,1712,MG
49255,8781,5254,3033,MG
49271,3124,1826,1057,MG
49298,5242,2421,2476,MG
49310,1335,852,372,MG
49336,4009,2531,1288,MG
49352,2854,2156,538,MG
49379,9193,4566,4107,MG
49395,48794,20380,25202,MG
49417,49411,16698,27692,MG
49433,12601,5558,6136,MG
49450,12162,4560,6252,MG
49476,15491,7049,7292,MG
49492,1354,813,416,MG
49514,10078,5024,4147,MG
49530,5360,3029,1920,MG
49557,1832,928,729,MG
49573,59147,26594,27878,MG
49590,84132,28983,47758,MG
49611,50188,19008,27014,MG
49638,3957,2186,1554,MG
49654,5717,3971,1369,MG
49670,2823,2207,444,MG
49697,4210,2848,1193,MG
49719,8493,5470,2533,MG
49735,11448,6768,4091,MG
49751,2584,1793,616,MG
49778,2769,1122,1414,MG
49794,2164,1262,740,MG
49816,6984,2808,3491,MG
49832,2432,1161,1108,MG
49859,37344,15871,17728,MG
49875,1931,1407,363,MG
49891,2438,1369,929,MG
49913,2879,1375,1301,MG
49930,6301,1545,4350,MG
49956,9715,4034,4971,MG
49972,12812,5548,6303,MG
49999,2254,1433,705,MG
50016,2408,1496,765,MG
50032,2786,1919,745,MG
50059,2857,1612,991,MG
50075,3567,1763,1546,MG
50091,5207,2246,2561,MG
50113,4525,2590,1517,MG
50130,3240,1734,1394,MG
50156,8992,5593,2569,MG
50172,3552,1303,1906,MG
50199,5466,2403,2552,MG
50210,7688,4196,3141,MG
50237,29388,12602,14622,MG
50253,7243,4158,2722,MG
50270,16670,5725,9476,MG
50296,18573,6598,10889,MG
50318,5909,2905,2709,MG
50334,9900,4846,4336,MG
50350,88045,34095,45269,MG
50377,5371,2762,2339,MG
50393,17376,9731,6612,MG
50415,34505,22134,9943,MG
50431,22596,14220,7272,MG
50458,6616,4288,1938,MG
50474,7856,4568,2924,MG
50490,83105,31617,43132,MG
50512,4296,1756,2113,MG
50539,5684,3396,1787,MG
50555,15744,8323,6556,MG
50571,5448,2569,2498,MG
50598,2239,785,1267,MG
50610,3973,2673,1045,MG
50636,2567,1700,708,MG
50652,2170,1797,274,MG
50679,11390,5422,5086,MG
50695,5421,1897,3267,MG
50717,6359,2993,2817,MG
50733,2605,1497,901,MG
50750,2013,1057,754,MG
50776,10574,6145,3220,MG
50792,13110,7645,4649,MG
50814,5863,3564,2010,MG
50830,7246,3733,2677,MG
50857,8786,3104,5284,MG
50873,3427,2047,1036,MG
50890,5393,3755,1362,MG
50911,165417,81560,70704,MG
50938,2598,1445,917,MG
50954,6703,3548,2502,MG
50970,7533,4817,2267,MG
50997,1919,1245,557,MG
51012,2836,2197,518,MG
51039,3953,2372,1293,MG
51055,3631,1987,1330,MG
51071,5416,3067,2006,MG
51098,7696,3931,3311,MG
51110,14700,8558,5124,MG
51136,8941,5215,2913,MG
51152,10659,5954,3983,MG
51179,4011,2528,1224,MG
51195,5920,4018,1495,MG
51217,3496,2125,1043,MG
51233,1872,907,840,MG
51250,5146,2676,2218,MG
51276,2514,1592,806,MG
51292,4517,3646,672,MG
51314,4626,3257,1112,MG
51330,73032,35019,30855,MG
51357,7719,5492,1846,MG
51373,14841,6142,7628,MG
51390,22703,13686,7675,MG
51411,3394,2224,988,MG
51438,18148,10772,5691,MG
51454,3328,2437,687,MG
51470,3646,2543,948,MG
51497,2405,1554,708,MG
51519,2367,1744,506,MG
51535,8171,3944,3872,MG
51551,129041,59518,57627,MG
51578,9871,4784,4617,MG
51594,6422,4202,1760,MG
51616,2835,1703,987,MG
51632,7463,4834,2326,MG
51659,4720,2407,1942,MG
51675,2577,1276,1123,MG
51691,5459,3084,1900,MG
51713,2650,1692,781,MG
51730,1738,1208,430,MG
51756,2914,1514,1181,MG
51772,5582,3290,2036,MG
51799,4163,2544,1335,MG
51810,2865,1685,952,MG
51837,5444,1923,3104,MG
51853,3321,2006,1110,MG
51870,2488,1729,532,MG
51896,3573,1463,1925,MG
51918,23732,7278,13558,MG
51934,2333,1238,979,MG
51950,12800,7380,4762,MG
51977,10409,6774,3002,MG
51993,2759,1500,1047,MG
52019,2893,2030,686,MG
52035,2170,1623,383,MG
52051,5967,3599,2090,MG
52078,15448,4073,10386,MG
52094,1419,886,436,MG
52116,2004,1388,492,MG
52132,28600,16899,9349,MG
52159,3062,1509,1287,MG
52175,2655,1598,805,MG
52191,10495,6330,3402,MG
52213,27523,18390,7674,MG
52230,4577,2752,1440,MG
52256,3538,2125,1284,MG
52272,3260,2088,1009,MG
52299,5398,3524,1569,MG
52310,2374,1507,684,MG
52337,3874,1975,1679,MG
52353,6613,2894,3103,MG
52370,8551,4863,2960,MG
52396,13833,6246,6368,MG
52418,20067,7617,11349,MG
52434,4732,1917,2507,MG
52450,2262,838,1250,MG
52477,14458,11526,2322,MG
52493,53397,23944,24050,MG
52515,5068,2761,2126,MG
52531,11366,5770,4642,MG
52558,8582,6043,2107,MG
52574,15326,7538,6460,MG
52590,2607,1576,894,MG
52612,2807,1365,1213,MG
52639,2765,1036,1451,MG
52655,2277,1082,1073,MG
52671,3267,2193,892,MG
52698,3575,2453,913,MG
52710,2144,1274,774,MG
52736,25540,8708,14575,MG
52752,4745,3142,1227,MG
52779,3136,1319,1595,MG
52795,4405,3146,1034,MG
52817,3298,2068,1061,MG
52833,4394,3012,1199,MG
52850,4133,1023,2868,MG
52876,4340,2000,2020,MG
52892,5230,3244,1696,MG
52914,4972,2489,2149,MG
52930,36202,14851,17215,MG
52957,1292,695,500,MG
52973,1651,595,886,MG
52990,6888,3371,2510,MG
53015,4297,1928,1916,MG
53031,3798,2569,979,MG
53058,4204,2181,1708,MG
53074,4109,1764,1945,MG
53090,3027,1736,1106,MG
53112,1891,1132,619,MG
53139,4952,3305,1290,MG
53155,1702,685,894,MG
53171,2827,1991,660,MG
53198,4048,2863,939,MG
53210,2110,1317,652,MG
53236,6320,4068,1809,MG
53252,5025,2352,2494,MG
53279,1401,815,504,MG
53295,2091,1510,435,MG
53317,889,395,419,MG
53333,3963,2463,1296,MG
53350,6723,2948,3451,MG
53376,4675,2345,2014,MG
53392,1591,916,551,MG
53414,10904,7841,2481,MG
53430,130968,51445,65641,MG
53457,2120,1391,567,MG
53473,3657,1486,1840,MG
53490,2427,1337,930,MG
53511,11405,5749,4960,MG
53538,2990,1520,1286,MG
53554,3823,1745,1772,MG
53570,3061,1819,1017,MG
53597,18847,7822,9943,MG
53619,3537,997,2317,MG
53635,1461,771,583,MG
53651,3507,1527,1638,MG
53678,7131,3756,3075,MG
53694,7839,5020,2333,MG
53716,73292,35724,33233,MG
53732,45310,17562,24760,MG
53759,5400,2723,2228,MG
53775,4190,1395,2562,MG
53791,10119,5245,4168,MG
53813,4709,1812,2601,MG
53830,5318,2947,2148,MG
53856,41786,15554,21646,MG
53872,34494,17261,13923,MG
53899,3707,2109,1430,MG
53910,14950,8147,6073,MG
53937,11654,8085,2976,MG
53953,3428,1547,1586,MG
53970,54497,27196,23297,MG
53996,6464,4838,1311,MG
54011,178906,78984,84023,MG
54038,398453,178074,184744,MG
54054,1743,1228,445,MG
54070,46264,17962,24929,MG
54097,6299,4000,2002,MG
54119,1878,747,1030,MG
54135,79043,28811,41672,MG
54151,18633,9750,7528,MG
54178,10510,7803,2290,MG
54194,12100,6240,4950,MG
54216,2012,880,942,MG
54232,2177,1224,815,MG
54259,67273,31416,30471,MG
54275,45831,29535,12600,MG
54291,3018,1720,1140,MG
54313,2291,1410,811,MG
54330,6406,4482,1594,MG
54356,5635,2772,2344,MG
54372,5636,3604,1519,MG
54399,2980,2094,688,MG
54410,23117,13028,8712,MG
54437,2973,1849,975,MG
54453,8884,3419,4608,MG
55000,10806,4832,5383,MS
55018,2630,1306,1123,MS
55026,4295,1668,2393,MS
55034,4357,3049,1169,MS
55042,2902,1431,1275,MS
55050,2985,888,1905,MS
55069,1924,876,884,MS
56006,6013,2996,2727,ES
56014,17749,6524,9828,ES
56022,7614,3918,3318,ES
56030,17675,8037,8476,ES
56049,8066,2329,5298,ES
56057,9235,2774,5819,ES
56065,4411,2371,1754,ES
56073,18081,7314,9614,ES
56081,5944,3055,2524,ES
56090,4614,2208,2145,ES
56103,10423,3598,5987,ES
56111,53436,22094,28032,ES
56120,23635,7355,15079,ES
56138,7010,3182,3488,ES
56146,7174,3013,3689,ES
56154,17804,7611,9209,ES
56162,7412,2972,3952,ES
56170,23587,10525,11919,ES
56189,14360,7203,6417,ES
56197,8214,4270,3497,ES
56200,4644,2901,1516,ES
56219,5815,2681,2758,ES
56227,9701,5276,4019,ES
56235,108189,31960,69008,ES
56251,208749,88152,104677,ES
56278,22276,5580,15126,ES
56294,69052,24057,39373,ES
56308,6517,3254,2837,ES
56316,15811,9740,5250,ES
56332,7170,2000,4605,ES
56359,3315,1299,1798,ES
56375,22367,6346,14247,ES
56391,4593,1989,2326,ES
56413,13821,7685,5426,ES
56430,10687,5072,4955,ES
56456,15712,6172,8443,ES
56472,71577,23500,42727,ES
56499,7225,2900,3863,ES
56502,5519,1757,3396,ES
56510,8759,3132,4996,ES
56537,8571,3701,4287,ES
56553,27295,8488,17409,ES
56570,7088,2498,4024,ES
56596,15408,4631,9849,ES
56618,7403,3273,3564,ES
56626,9674,3731,5322,ES
56634,86168,32158,47927,ES
56650,7224,3128,3793,ES
56677,15298,7698,6570,ES
56693,10659,5844,4283,ES
56715,3795,2324,1288,ES
56731,10509,4531,5236,ES
56758,8661,3840,4167,ES
56774,28782,13420,13657,ES
56790,10966,5036,5331,ES
56812,13378,8069,4641,ES
56839,12670,4911,7077,ES
56855,9548,3492,5648,ES
56871,7030,1958,4684,ES
56898,7673,3394,3605,ES
56910,14738,4943,8715,ES
56936,18840,8018,9876,ES
56952,6563,3386,2743,ES
56979,64280,32554,27473,ES
56995,266209,119399,125603,ES
57010,40379,17599,19780,ES
57037,268227,97141,147059,ES
57053,213026,89301,102641,ES
57070,8234,2986,4759,ES
57096,14230,4343,9091,ES
57118,11237,5065,5487,ES
57134,16894,9973,6203,ES
57150,12652,7320,4671,ES
57916,7299,2756,4090,ES
57932,23956,7111,15370,ES
57959,12055,3339,7984,ES
57975,13973,3388,9539,ES
57991,6582,3799,2466,ES
58009,14445,7299,6273,RJ
58017,97789,31926,60443,RJ
58025,8431,4065,3823,RJ
58033,75536,23067,46791,RJ
58041,251334,97771,137708,RJ
58050,52042,24596,23125,RJ
58068,8694,3252,4974,RJ
58076,102987,44825,49812,RJ
58084,6432,2152,3851,RJ
58092,16106,6323,8314,RJ
58106,31864,12058,17591,RJ
58114,22471,9416,11658,RJ
58122,76935,30421,41093,RJ
58130,121532,37586,75184,RJ
58149,56120,22887,29752,RJ
58157,33892,12743,19018,RJ
58165,6566,3686,2442,RJ
58173,9489,4565,4418,RJ
58181,7691,2982,4290,RJ
58190,274762,93871,159381,RJ
58203,70128,23471,41639,RJ
58211,11983,5231,5891,RJ
58220,7623,2899,4052,RJ
58238,11248,5838,4715,RJ
58246,14021,7297,5749,RJ
58254,25018,7670,15817,RJ
58262,20153,5984,12769,RJ
58270,13180,6540,5655,RJ
58289,27215,8792,16831,RJ
58297,13064,5672,6479,RJ
58300,9758,4102,5139,RJ
58319,7652,3650,3382,RJ
58327,13816,5750,7202,RJ
58335,503980,202089,267993,RJ
58343,5727,2074,3289,RJ
58351,8702,4095,3942,RJ
58360,19854,8097,10634,RJ
58378,132507,53532,70172,RJ
58386,5602,2721,2514,RJ
58394,71261,24174,41991,RJ
58408,24457,7812,15040,RJ
58416,15208,4954,9266,RJ
58424,44160,16026,25064,RJ
58432,55845,18208,34039,RJ
58440,19409,7952,9947,RJ
58459,5482,3165,2042,RJ
58467,104066,38687,58124,RJ
58475,126914,54503,62716,RJ
58491,148905,57530,81901,RJ
58513,28456,9879,16728,RJ
58530,110499,50619,52811,RJ
58556,11692,5449,5307,RJ
58572,17978,7069,9503,RJ
58599,16566,8499,7018,RJ
58610,9477,4313,4499,RJ
58637,100568,38004,55143,RJ
58653,316544,147370,135810,RJ
58670,112758,41896,60118,RJ
58696,460793,164947,263912,RJ
58718,25677,9826,14164,RJ
58734,25224,10387,12627,RJ
58750,24213,8407,14315,RJ
58777,176182,59874,97310,RJ
58793,17380,8004,8049,RJ
58815,10127,5286,4182,RJ
58831,71702,25588,39464,RJ
58858,34767,11329,20773,RJ
58874,11593,5649,5163,RJ
58890,6390,3937,2046,RJ
58912,6702,3213,2953,RJ
58939,24189,9097,13656,RJ
58955,22924,7828,13737,RJ
58971,492221,208703,246578,RJ
58998,29252,10893,16398,RJ
59013,275807,107385,149764,RJ
59030,52149,13718,34986,RJ
59056,6046,2690,3025,RJ
59072,12394,5142,6568,RJ
59099,53881,17521,32668,RJ
59110,14303,5123,8284,RJ
59137,10820,3536,6700,RJ
59153,95224,27703,59100,RJ
59170,6769,3399,2927,RJ
59196,47359,23726,19910,RJ
59218,40603,22058,15066,RJ
59234,22339,10263,10379,RJ
59250,172545,76843,81346,RJ
59277,23565,8067,13917,RJ
59293,8557,2823,5275,RJ
59315,17599,6164,10092,RJ
59331,12503,2425,9263,RJ
60011,3608284,1568485,1695777,RJ
61000,4625,2905,1468,SP
61018,19663,4697,13529,SP
61026,1676,674,889,SP
61034,3084,1101,1822,SP
61042,8966,3360,5074,SP
61050,17036,6397,9134,SP
61069,2659,1319,1157,SP
61077,4623,1556,2601,SP
61085,3008,1589,1252,SP
61093,10915,2929,7077,SP
61107,4283,2245,1748,SP
61115,3042,898,1846,SP
61123,1249,583,564,SP
61131,21901,6905,13235,SP
61140,2529,1190,1189,SP
61158,3055,1159,1752,SP
61166,9940,5302,3990,SP
61174,2315,1008,1172,SP
61182,1806,748,965,SP
61190,9301,4138,4277,SP
61204,14429,5735,7173,SP
61212,2689,800,1719,SP
61220,10881,4738,4882,SP
61239,2737,904,1666,SP
61247,2137,694,1276,SP
61255,14069,5300,7725,SP
61263,12524,5145,6324,SP
61271,2091,1002,968,SP
61280,34721,14137,17678,SP
61298,1977,903,972,SP
61301,2194,1145,908,SP
61310,137218,40614,82517,SP
61328,5513,2206,3026,SP
61336,21151,11126,8295,SP
61344,3008,1448,1408,SP
61352,3856,1365,2266,SP
61360,3412,1590,1430,SP
61379,40992,11910,24948,SP
61387,2089,990,1022,SP
61395,3076,944,1859,SP
61409,2757,1064,1563,SP
61417,32910,11518,18800,SP
61425,1412,651,642,SP
61433,12874,5399,6401,SP
61441,5468,909,4143,SP
61450,3839,1482,2131,SP
61468,3338,1541,1619,SP
61476,2563,1019,1400,SP
61484,16462,5170,10277,SP
61492,21930,7346,12173,SP
61506,3663,1386,1991,SP
61514,2908,1345,1425,SP
61522,1451,577,787,SP
61530,13773,6151,6466,SP
61549,4605,1539,2736,SP
61557,114023,32370,71740,SP
61565,9923,3787,5292,SP
61573,18818,5804,11224,SP
61581,3771,1225,2282,SP
61590,3373,1698,1457,SP
61603,2118,1149,859,SP
61611,4216,1689,2291,SP
61620,3946,1223,2412,SP
61638,129941,59994,55772,SP
61646,1779,864,791,SP
61654,75218,21530,45688,SP
61662,7222,2378,4278,SP
61670,4692,1554,2839,SP
61689,11042,3846,6495,SP
61697,2567,1545,856,SP
61700,4910,2558,1838,SP
61719,6328,2747,3174,SP
61727,126204,54556,60988,SP
61735,5134,1800,3017,SP
61743,9651,2857,5945,SP
61751,29417,10138,17037,SP
61760,2116,657,1321,SP
61778,53620,21271,26313,SP
61786,2518,1357,1007,SP
61794,53393,18650,30077,SP
61808,2372,1192,1062,SP
61816,87718,28168,48671,SP
61824,2065,754,1191,SP
61832,8492,2711,5320,SP
61840,3691,1621,1778,SP
61859,3033,1485,1354,SP
61867,2085,491,1472,SP
61875,5737,2760,2649,SP
61883,1300,709,508,SP
61891,47760,16186,27165,SP
61905,8807,3969,3823,SP
61913,10868,3155,6926,SP
61921,1814,687,1034,SP
61930,1086,452,584,SP
61948,2443,1402,913,SP
61956,5694,1761,3353,SP
61964,1347,578,691,SP
61972,6345,3396,2515,SP
61980,5352,2470,2575,SP
61999,3843,1619,1980,SP
62006,8289,3360,4224,SP
62014,1977,928,902,SP
62022,1420,529,803,SP
62030,17640,4613,11512,SP
62049,1834,546,1137,SP
62057,22127,7054,12960,SP
62065,1675,561,977,SP
62073,4390,2216,1963,SP
62081,1923,1034,817,SP
62090,62920,22049,35299,SP
62103,2954,1135,1556,SP
62111,18437,9252,7922,SP
62120,1051,471,536,SP
62138,214198,94634,93212,SP
62146,3450,1469,1794,SP
62154,13027,3440,8614,SP
62162,2698,1054,1374,SP
62170,32376,13185,15844,SP
62189,1564,650,804,SP
62197,204607,72701,110151,SP
62200,1359,425,852,SP
62219,42580,12224,26879,SP
62227,1273,547,662,SP
62235,1632,641,898,SP
62243,3295,962,2125,SP
62251,6067,2173,3447,SP
62260,1719,698,919,SP
62278,4768,1388,3123,SP
62286,1138,388,680,SP
62294,65194,16638,44050,SP
62308,3079,1700,1142,SP
62316,17539,6496,9057,SP
62324,1790,598,1059,SP
62332,7690,4312,2905,SP
62340,1726,854,767,SP
62359,6679,2022,4139,SP
62367,986,355,571,SP
62375,5745,2125,3192,SP
62383,5670,2297,3044,SP
62391,33381,10448,20006,SP
62405,1409,512,800,SP
62413,13611,4843,7529,SP
62421,1441,733,620,SP
62430,809,319,444,SP
62448,1207,639,468,SP
62456,2935,1184,1555,SP
62472,8279,2421,5260,SP
62499,81574,30302,41008,SP
62510,99433,29419,58530,SP
62553,3311,1006,2165,SP
62570,13341,4090,8229,SP
62596,13050,3616,8257,SP
62618,11310,4317,6441,SP
62634,9587,3355,5741,SP
62650,2885,844,1895,SP
62677,2540,1153,1212,SP
62693,26374,9527,14732,SP
62715,55481,16688,32466,SP
62731,18526,7107,9612,SP
62758,10059,4260,5108,SP
62774,9343,3310,5206,SP
62790,2674,1251,1227,SP
62812,53696,24029,23497,SP
62839,2848,1583,1101,SP
62855,51260,23376,21861,SP
62871,5759,2193,3280,SP
62898,13622,6237,6379,SP
62910,653539,259973,320684,SP
62936,45342,17546,22936,SP
62952,27579,9402,14814,SP
62979,2802,1012,1676,SP
62995,7360,2888,3818,SP
63010,17659,5224,11256,SP
63037,1898,608,1162,SP
63053,25905,9426,13973,SP
63070,10895,3303,6695,SP
63096,29042,8548,17898,SP
63118,76580,28924,40760,SP
63134,221422,110774,85103,SP
63150,6789,3070,3344,SP
63177,14410,4479,8738,SP
63193,1910,855,909,SP
63215,11506,6147,4554,SP
63231,65531,18919,41207,SP
63258,4380,1425,2726,SP
63274,5834,1559,3826,SP
63290,10880,4068,5782,SP
63312,26711,6860,17471,SP
63339,9555,2715,6121,SP
63355,9899,2893,6336,SP
63371,6941,2625,3798,SP
63398,4166,1473,2481,SP
63410,10624,4739,4967,SP
63436,4121,1918,1955,SP
63452,16749,4435,11423,SP
63479,9307,2598,5867,SP
63495,14965,4790,8858,SP
63517,3216,985,2073,SP
63533,2997,1793,1032,SP
63550,2587,710,1647,SP
63576,33672,13507,17726,SP
63592,5404,2066,3077,SP
63614,141781,65283,57580,SP
63630,19325,5988,11579,SP
63657,5495,2193,2863,SP
63673,1597,560,917,SP
63690,43671,16148,22497,SP
63711,71072,34848,29477,SP
63738,13271,5642,6496,SP
63754,17905,5151,10961,SP
63770,256536,144525,84519,SP
63797,7162,2168,4445,SP
63819,4881,2634,1919,SP
63835,13646,4417,8201,SP
63851,1668,994,586,SP
63878,5110,2074,2598,SP
63894,25574,6933,16753,SP
63916,7489,2915,4023,SP
63932,5441,1888,3232,SP
63959,3860,1377,2248,SP
63975,7901,3509,3975,SP
63991,10356,3224,6503,SP
64017,154497,83277,53933,SP
64033,39301,18458,15845,SP
64050,5231,1649,3180,SP
64076,1946,1031,774,SP
64092,9507,4143,4514,SP
64114,38118,13603,21512,SP
64130,3753,1229,2277,SP
64157,100058,52030,37178,SP
64173,1115,563,509,SP
64190,2037,862,1045,SP
64211,5886,2161,3421,SP
64238,2051,1021,905,SP
64254,184859,62126,104625,SP
64270,95394,55240,31939,SP
64297,77011,40231,29718,SP
64319,1987,546,1308,SP
64335,3698,1838,1609,SP
64351,24758,7518,15286,SP
64378,2246,1229,879,SP
64394,6183,2130,3632,SP
64416,5274,2230,2713,SP
64432,2873,1178,1556,SP
64459,6056,2384,3298,SP
64475,3365,1560,1549,SP
64491,20054,7224,11247,SP
64513,11487,3979,6667,SP
64530,10353,5763,4034,SP
64556,10958,5445,4806,SP
64572,4823,1666,2877,SP
64599,6163,3091,2682,SP
64610,1297,661,541,SP
64637,3702,1409,2102,SP
64653,17893,5512,11024,SP
64670,19134,6456,10917,SP
64696,72076,22274,41721,SP
64718,6870,2328,4028,SP
64734,21791,9540,10551,SP
64750,178405,72573,87911,SP
64777,728550,311756,331178,SP
64793,2640,1295,1157,SP
64815,5239,2020,2945,SP
64831,6441,2098,3943,SP
64858,3757,1214,2335,SP
64874,18838,8432,8646,SP
64890,6868,2100,4369,SP
64912,3883,1142,2505,SP
64939,31875,10565,19051,SP
64955,44586,13710,25646,SP
64971,4691,2146,2220,SP
64998,4810,1842,2670,SP
65013,13468,5316,7078,SP
65030,14666,6997,6432,SP
65056,6693,2318,3659,SP
65072,15909,6182,8490,SP
65099,21565,8576,10850,SP
65110,142608,45933,80147,SP
65137,3177,1105,1870,SP
65153,2394,1141,1099,SP
65170,2386,603,1656,SP
65196,7851,2786,4415,SP
65218,15435,6964,7110,SP
65234,4195,1202,2716,SP
65250,2314,1279,853,SP
65277,8730,4636,3640,SP
65293,14230,4206,9083,SP
65315,3979,1146,2706,SP
65331,3541,1341,1966,SP
65358,10590,4831,5145,SP
65374,12611,6206,5450,SP
65390,9411,2313,6566,SP
65412,2258,799,1319,SP
65439,57652,24162,27950,SP
65455,92314,49701,32388,SP
65471,85772,25764,51589,SP
65498,51549,18108,29115,SP
65510,122712,65327,44409,SP
65536,40783,12168,24638,SP
65552,21907,6331,14089,SP
65579,8125,3237,4301,SP
65595,7469,2932,3953,SP
65617,2507,1721,589,SP
65633,185605,93775,72868,SP
65650,25013,8638,13921,SP
65676,6666,2426,3761,SP
65692,64389,19338,37409,SP
65714,10194,3987,5388,SP
65730,7476,2961,3995,SP
65757,3659,1906,1536,SP
65773,4648,2022,2302,SP
65790,93650,30597,53081,SP
65811,33875,11532,19034,SP
65838,20791,7924,11363,SP
65854,3977,1876,1920,SP
65870,38852,12713,22218,SP
65897,132046,44402,71611,SP
65919,4300,1643,2315,SP
65935,9218,2799,5772,SP
65951,33446,10736,18943,SP
65978,27742,8221,17315,SP
65994,3784,1341,2075,SP
66010,60791,28770,25078,SP
66036,21099,6812,12716,SP
66052,18808,6486,10780,SP
66079,77762,19992,51027,SP
66095,2404,1221,1047,SP
66117,7282,2232,4425,SP
66133,2579,1151,1288,SP
66150,20663,6792,12381,SP
66176,2876,1541,1188,SP
66192,252425,80401,138594,SP
66214,10232,3257,6269,SP
66230,10872,3943,6149,SP
66257,17213,8038,7395,SP
66273,3989,1532,1875,SP
66290,15784,4206,10438,SP
66311,2892,1293,1421,SP
66338,4799,2241,2097,SP
66354,54930,17762,32298,SP
66370,38525,9201,26103,SP
66397,173701,42807,116868,SP
66419,4458,1264,2877,SP
66435,40783,10737,26867,SP
66451,48045,15040,27742,SP
66478,29260,9798,16703,SP
66494,9931,3389,5736,SP
66516,1623,780,767,SP
66532,7263,3302,3384,SP
66559,2907,1240,1502,SP
66575,2570,1193,1229,SP
66591,1859,865,919,SP
66613,9991,3000,6231,SP
66630,4627,1277,2972,SP
66656,2695,1051,1486,SP
66672,2111,877,1097,SP
66699,29179,12044,13674,SP
66710,48645,17784,25893,SP
66737,5421,2007,2853,SP
66753,2232,1305,800,SP
66770,8289,2943,4833,SP
66796,2286,930,1195,SP
66818,132359,37724,83212,SP
66834,1366,608,668,SP
66850,13847,4944,7885,SP
66877,48983,18195,26555,SP
66893,236974,116755,92196,SP
66915,3744,1475,2068,SP
66931,2820,1136,1448,SP
66958,11251,5443,5281,SP
66974,6709,1937,4214,SP
66990,10985,3876,6345,SP
67016,1986,843,1021,SP
67032,13580,4021,8615,SP
67059,9612,5551,3529,SP
67075,33326,9989,20478,SP
67091,3096,1083,1790,SP
67113,36018,11594,20952,SP
67130,246956,95769,117687,SP
67156,88471,23998,56927,SP
67172,51826,13896,32982,SP
67199,2433,750,1511,SP
67210,1521,576,806,SP
67237,33522,15100,15084,SP
67253,4824,1410,2915,SP
67270,27002,7611,16803,SP
67296,12853,4388,7499,SP
67318,10815,3512,6442,SP
67334,2721,1288,1306,SP
67350,2943,1286,1386,SP
67377,34171,14720,16563,SP
67393,15293,6393,7846,SP
67415,8115,2516,4891,SP
67431,2591,964,1503,SP
67458,3443,1786,1430,SP
67474,4101,1535,2206,SP
67490,10663,3793,5805,SP
67512,5593,2105,3076,SP
67539,5916,1736,3756,SP
67555,2855,1175,1523,SP
67571,3972,1311,2379,SP
67598,5716,3035,2260,SP
67610,11362,5130,5574,SP
67636,1431,713,654,SP
67652,2508,1145,1238,SP
67679,2095,1092,872,SP
67695,36357,12583,20467,SP
67717,21690,6391,13948,SP
67733,4431,1574,2530,SP
67750,2546,1125,1268,SP
67776,1822,622,1038,SP
67792,31268,10360,18600,SP
67814,3133,1270,1618,SP
67830,3928,1466,2201,SP
67857,3762,1762,1735,SP
67873,22525,8019,12417,SP
67890,440935,201683,181873,SP
67911,1875,551,1182,SP
67938,17253,4820,11123,SP
67954,58318,20772,32696,SP
67970,4527,2223,2077,SP
67997,5931,1935,3522,SP
68012,6638,2508,3653,SP
68039,5979,2745,2838,SP
68055,5524,2097,3038,SP
68071,12459,4272,7310,SP
68098,7912,3050,4436,SP
68110,22904,9062,12297,SP
68136,10435,4692,4818,SP
68152,3527,1199,2075,SP
68179,10402,4485,5383,SP
68195,2721,1133,1421,SP
68217,5867,2050,3480,SP
68233,4171,1562,2281,SP
68250,10917,3274,6852,SP
68276,7864,2911,4215,SP
68292,4342,1646,2502,SP
68314,64428,23899,33587,SP
68330,4528,2252,2018,SP
68357,25484,7579,16131,SP
68373,3748,1497,1900,SP
68390,1825,778,938,SP
68411,9137,4899,3790,SP
68438,25469,6751,16529,SP
68454,5439,2310,2660,SP
68470,33552,10996,20175,SP
68497,13926,5533,7230,SP
68519,4788,1849,2526,SP
68535,41310,15997,21196,SP
68551,3519,1300,2020,SP
68578,30274,10123,16967,SP
68594,16810,5678,9715,SP
68616,90212,29521,50638,SP
68632,8211,2652,4971,SP
68659,23451,7944,13157,SP
68675,8161,2535,4891,SP
68691,2288,1102,1060,SP
68713,7588,2362,4329,SP
68730,16462,4800,9784,SP
68756,227384,66884,138959,SP
68772,16635,6338,8705,SP
68799,11361,3739,6833,SP
68810,6173,1904,3868,SP
68837,10290,5321,3898,SP
68853,15229,5716,8208,SP
68870,42446,11455,26513,SP
68896,7398,2110,4566,SP
68918,19117,8469,9407,SP
68934,3018,1432,1463,SP
68950,2019,696,1215,SP
68977,71190,31644,30920,SP
68993,3311,1183,1905,SP
69019,12579,3474,8274,SP
69035,2317,688,1527,SP
69051,21952,10101,10275,SP
69078,1710,698,914,SP
69094,2799,1529,1094,SP
69116,5223,1999,2756,SP
69132,30931,9112,19160,SP
69159,30177,8680,18330,SP
69175,10347,3450,6262,SP
69191,10372,4119,5383,SP
69213,180979,69296,93188,SP
69230,2571,978,1375,SP
69256,7869,2988,4399,SP
69272,21656,8499,11570,SP
69299,129714,38227,80615,SP
69310,20397,6300,12542,SP
69337,19546,7709,10620,SP
69353,7630,2696,4427,SP
69370,2315,1042,1185,SP
69396,5472,2830,2207,SP
69418,4075,1596,2273,SP
69434,5701,1598,3656,SP
69450,17307,6949,8855,SP
69477,3007,1279,1427,SP
69493,11906,4179,6866,SP
69515,3652,1075,2345,SP
69531,33796,11683,19226,SP
69558,4981,2439,2294,SP
69574,2254,1307,817,SP
69590,6264,2671,3066,SP
69612,10794,5475,4680,SP
69639,3137,1396,1586,SP
69655,3046,1452,1452,SP
69671,67398,29374,28959,SP
69698,342895,125555,180226,SP
69710,3368,1567,1542,SP
69736,3308,1533,1626,SP
69752,5463,2895,2249,SP
69779,5569,1712,3477,SP
69795,114947,33920,69596,SP
69817,19222,6137,11631,SP
69833,26266,13757,9689,SP
69850,5386,2751,2449,SP
69876,6633,2338,3675,SP
69892,1780,658,993,SP
69914,2318,852,1322,SP
69930,3121,1313,1656,SP
69957,1544,734,673,SP
69973,3763,1004,2557,SP
69990,6435,2192,3730,SP
70017,11348,4018,5804,SP
70033,2989,1234,1602,SP
70050,72459,25788,39008,SP
70076,22572,8862,11726,SP
70092,4868,1940,2592,SP
70114,2556,1562,863,SP
70130,8276,3028,4617,SP
70157,3879,1442,2194,SP
70173,109905,34471,64676,SP
70190,3695,1210,2190,SP
70211,8858,3116,4765,SP
70238,1734,735,926,SP
70254,3093,855,1982,SP
70270,15883,5725,8866,SP
70297,25482,6545,16884,SP
70319,3914,1794,1905,SP
70335,19051,5692,11880,SP
70351,14474,4664,8755,SP
70378,31767,11398,17120,SP
70394,4954,2798,1808,SP
70416,3124,1110,1828,SP
70432,1900,884,905,SP
70459,1162,449,628,SP
70475,78291,31423,34978,SP
70491,1828,746,929,SP
70513,14678,4016,9223,SP
70530,13504,5505,6677,SP
70556,11357,4412,6251,SP
70572,434813,185501,188805,SP
70599,4163,1759,2025,SP
70610,12698,4089,7677,SP
70637,3891,1320,2190,SP
70653,4646,1718,2369,SP
70670,2062,954,1006,SP
70696,2408,959,1315,SP
70718,261974,99198,126156,SP
70734,6855,2269,3768,SP
70750,488795,240348,185834,SP
70777,114483,38172,57617,SP
70793,141343,60894,63581,SP
70815,1816,781,900,SP
70831,51637,16315,30283,SP
70858,1704,945,645,SP
70874,1568,828,633,SP
70890,27359,11969,13007,SP
70912,4775,2476,2054,SP
70939,2842,1572,1056,SP
70955,29584,9972,16813,SP
70971,256737,75320,156389,SP
70998,428018,143732,233683,SP
71013,7558,3406,3354,SP
71030,22361,7903,12415,SP
71056,18376,6723,9754,SP
71072,6892638,3276512,2618593,SP
71099,19688,5160,12973,SP
71110,4268,1766,2292,SP
71137,45136,17626,21617,SP
71153,49085,22764,21950,SP
71170,6295,2326,3407,SP
71196,8627,3207,4522,SP
71218,191317,81780,90072,SP
71234,5603,2365,2796,SP
71250,2352,1307,923,SP
71277,2245,745,1324,SP
71293,5713,2964,2417,SP
71315,25481,11182,12388,SP
71331,16682,4911,10141,SP
71358,70833,29007,35479,SP
71374,7442,2858,4138,SP
71390,9114,3630,4875,SP
71412,3989,1748,1798,SP
71439,22696,5230,15442,SP
71455,395810,141106,213183,SP
71471,4603,2206,2160,SP
71498,148309,60453,75666,SP
71510,171342,73864,77397,SP
71536,6831,2096,4323,SP
71552,8283,3430,4325,SP
71579,168645,90000,57614,SP
71595,4043,1995,1806,SP
71617,6981,2828,3739,SP
71633,3482,1609,1644,SP
71650,3440,1068,2101,SP
71676,11964,4793,5960,SP
71692,15345,4984,9304,SP
71714,4361,1582,2361,SP
71730,7486,3502,3362,SP
71757,28447,10672,15526,SP
71773,13222,5853,6397,SP
71790,4052,2154,1679,SP
71811,63830,19602,38110,SP
71838,176267,53433,102993,SP
71854,2704,1408,1147,SP
71870,12788,6673,5329,SP
71897,4780,1960,2508,SP
71919,22408,6093,14031,SP
71935,1741,766,815,SP
71951,5390,1465,3520,SP
71978,22534,7149,12947,SP
71994,3621,1393,2000,SP
72010,35759,9722,23255,SP
72036,8368,2755,4972,SP
72052,1242,426,747,SP
72079,1361,697,562,SP
72095,53447,18491,30761,SP
72117,3046,1303,1617,SP
72133,6018,2268,3316,SP
72150,1192,512,623,SP
72176,5153,1845,3002,SP
72192,1143,364,700,SP
72214,7939,2309,5192,SP
72230,7585,2754,4349,SP
72257,71516,22190,40503,SP
72273,11914,4517,6770,SP
72311,22772,7324,13351,SP
72338,63654,25023,32646,SP
72354,6009,2141,3422,SP
72370,48266,13899,28569,SP
72397,10188,3366,6252,SP
72419,4541,1777,2491,SP
72435,68763,25473,37026,SP
72451,52435,15581,32545,SP
72737,30984,13049,14077,SP
73008,1851,1052,736,TO
73016,1740,1006,617,TO
73024,2841,1744,987,TO
73032,3206,1988,1068,TO
73040,3224,1966,1105,TO
73059,2511,1824,544,TO
73067,1410,877,453,TO
73075,2046,1158,753,TO
73083,3005,1968,889,TO
73091,4927,3210,1489,TO
73105,1232,853,309,TO
73113,2376,1567,707,TO
73121,2569,1409,1059,TO
73130,1980,1101,789,TO
73148,1559,970,538,TO
73156,2621,1258,1244,TO
73164,1350,976,293,TO
73172,1619,1109,440,TO
73180,6460,4089,2091,TO
73199,2369,1270,964,TO
73202,2591,1608,840,TO
73210,1509,974,452,TO
73229,2256,1615,550,TO
73237,1385,898,405,TO
73245,1471,851,558,TO
73253,1670,936,663,TO
73261,2635,1420,1124,TO
73270,1536,1018,461,TO
73288,3519,2411,949,TO
73296,4594,3242,1192,TO
73300,2776,1413,1219,TO
73318,2815,1396,1328,TO
73326,1859,1098,639,TO
73334,3536,2201,1190,TO
73342,2151,1363,701,TO
73350,4086,2308,1580,TO
73369,2179,1211,881,TO
73377,1327,694,548,TO
73385,6671,3345,3071,TO
73393,1704,1174,436,TO
73407,2513,1313,1082,TO
73415,1975,1220,655,TO
73423,2344,1553,720,TO
73431,1517,1000,443,TO
73440,160933,61252,88034,TO
73458,1464,881,517,TO
73466,1190,685,454,TO
73474,1767,881,817,TO
73482,2114,1581,448,TO
73504,1930,1045,809,TO
73512,2965,1862,966,TO
73520,2013,1234,681,TO
73539,1664,1040,514,TO
73547,1637,831,711,TO
73555,1307,709,533,TO
73563,1896,824,978,TO
73571,1596,741,783,TO
73580,2175,1044,1055,TO
73598,1420,1023,344,TO
73601,1388,869,441,TO
73610,2803,1812,864,TO
74004,2065,1217,719,PR
74012,4411,1867,2329,PR
74020,3849,1908,1711,PR
74039,3951,2414,1379,PR
74047,3899,2173,1529,PR
74055,6363,2377,3608,PR
74063,3920,1420,2274,PR
74071,57017,23050,28400,PR
74080,7345,2950,3954,PR
74098,8032,3509,4030,PR
74101,2129,1049,922,PR
74110,5551,2796,2451,PR
74128,2145,713,1294,PR
74136,5388,2124,3047,PR
74144,1940,1200,636,PR
74152,3109,1570,1375,PR
74160,2458,914,1428,PR
74179,11887,6687,4609,PR
74187,2427,1307,1009,PR
74195,12297,4972,6589,PR
74209,3182,1234,1759,PR
74217,11431,3817,6765,PR
74225,9073,5035,3607,PR
74233,5123,2403,2242,PR
74241,2926,1598,1194,PR
74250,71806,20168,45398,PR
74268,2435,1201,1137,PR
74276,64011,14401,45033,PR
74284,3038,771,2159,PR
74292,14362,4601,8864,PR
74306,2200,1066,1026,PR
74314,8658,3423,4680,PR
74322,62309,24054,32547,PR
74330,5552,1853,3297,PR
74349,3648,1917,1559,PR
74357,81836,35403,37999,PR
74365,3472,2060,1284,PR
74373,9376,2597,6066,PR
74381,1624,838,724,PR
74390,15498,4104,10530,PR
74403,1831,923,826,PR
74411,2855,1128,1544,PR
74420,2313,863,1243,PR
74438,9109,3346,5077,PR
74446,16751,9972,5803,PR
74454,18849,5338,12543,PR
74462,4394,1959,2178,PR
74470,6440,2822,3215,PR
74489,2570,939,1487,PR
74497,5914,2674,2990,PR
74500,4168,762,3214,PR
74519,2086,985,970,PR
74527,2497,1536,802,PR
74535,9518,3480,5479,PR
74543,5728,2340,3074,PR
74551,9678,5378,3737,PR
74560,4029,703,3174,PR
74578,3025,851,2044,PR
74586,6303,3666,2396,PR
74594,7268,2990,3684,PR
74608,2743,1417,1153,PR
74616,4095,2138,1681,PR
74624,3691,792,2698,PR
74632,5111,2051,2752,PR
74640,1905,1337,477,PR
74659,1789,1016,696,PR
74667,1991,705,1173,PR
74675,5460,1774,3273,PR
74683,3217,477,2584,PR
74691,13409,5128,7432,PR
74705,2685,1418,1146,PR
74713,57132,16512,35256,PR
74721,1828,802,937,PR
74730,4916,1710,2872,PR
74748,8845,6039,2485,PR
74756,9126,3682,4740,PR
74764,2555,1121,1273,PR
74772,25851,9482,14279,PR
74780,2869,1489,1219,PR
74799,4932,1776,2770,PR
74802,6294,3745,2247,PR
74810,71150,23731,40538,PR
74829,2144,1146,883,PR
74837,53941,19738,29544,PR
74845,1555,562,889,PR
74853,8808,3842,4339,PR
74861,3870,1612,2080,PR
74870,12092,5737,5671,PR
74888,3982,1943,1848,PR
74896,9148,4121,4547,PR
74900,5843,3121,2399,PR
74918,8742,3392,4840,PR
74926,2195,935,1138,PR
74934,184415,58872,110246,PR
74942,3790,2113,1452,PR
74950,42423,14885,23547,PR
74969,2823,1298,1342,PR
74977,5344,2285,2773,PR
74985,3552,2344,1068,PR
74993,6543,3744,2515,PR
75000,7499,2877,4355,PR
75019,10112,5588,3831,PR
75027,3921,2266,1439,PR
75035,13138,5624,6856,PR
75043,74124,25849,40134,PR
75051,43913,11573,29090,PR
75060,4176,2344,1638,PR
75078,6815,3030,3439,PR
75086,1868,1040,716,PR
75094,9941,4942,4542,PR
75108,2553,1349,1045,PR
75116,10609,5683,4459,PR
75124,2419,1413,899,PR
75132,121279,45132,64155,PR
75140,4064,2437,1357,PR
75159,14192,6429,6809,PR
75167,2922,1658,1165,PR
75175,4973,2867,1829,PR
75183,2752,1750,859,PR
75191,2295,1086,1053,PR
75205,15776,6463,7959,PR
75213,10195,4153,5161,PR
75221,13081,3601,8167,PR
75230,11093,3633,6762,PR
75248,3873,2383,1356,PR
75256,27317,9379,15591,PR
75264,2104,827,1129,PR
75272,13857,6480,6546,PR
75280,2692,1358,1090,PR
75299,12561,4627,7255,PR
75302,1563,501,981,PR
75310,3083,1776,1144,PR
75329,3216,1278,1795,PR
75337,10634,4237,5320,PR
75345,4342,2116,1912,PR
75353,1108054,348166,612309,PR
75361,3287,2098,1079,PR
75370,7665,3399,3727,PR
75388,4152,2666,1267,PR
75396,3359,1433,1765,PR
75400,2955,1718,1066,PR
75418,25995,12522,12240,PR
75426,5326,2042,2967,PR
75434,3976,1321,2367,PR
75442,6545,3361,2889,PR
75450,4351,2404,1701,PR
75469,2422,1609,712,PR
75477,8081,3101,4485,PR
75485,3045,1727,1171,PR
75493,9380,2744,6007,PR
75507,4152,1385,2525,PR
75515,3005,1455,1347,PR
75523,15629,6105,8262,PR
75531,3617,1452,1959,PR
75540,2555,1349,1085,PR
75558,5551,2000,3202,PR
75566,2523,1169,1218,PR
75574,7617,3940,3318,PR
75582,2820,1273,1424,PR
75590,1944,916,891,PR
75604,4054,2496,1366,PR
75612,4719,1592,2823,PR
75620,2565,1183,1236,PR
75639,156292,50745,95147,PR
75647,3554,1012,2403,PR
75655,53894,24595,25704,PR
75663,6286,2363,3464,PR
75671,6444,3472,2676,PR
75698,16551,5706,9772,PR
75710,17889,5649,11413,PR
75736,3990,1689,2089,PR
75744,3461,1428,1788,PR
75752,2932,1338,1440,PR
75760,4549,2864,1392,PR
75779,1548,655,823,PR
75787,2314,1191,983,PR
75795,3367,1245,1928,PR
75809,4405,2219,1958,PR
75817,8606,3101,4971,PR
75833,103527,47123,48657,PR
75850,5236,2299,2593,PR
75876,21206,6412,13350,PR
75892,15850,6214,8570,PR
75914,29847,8870,18186,PR
75930,5368,1904,3195,PR
75957,3039,1126,1745,PR
75973,18544,6530,10535,PR
75990,6487,3486,2610,PR
76015,1883,1127,646,PR
76031,9060,3046,5220,PR
76058,9081,3204,5401,PR
76074,36142,13475,19046,PR
76090,5842,3083,2336,PR
76112,2671,1397,1154,PR
76139,3705,1433,2090,PR
76155,4041,1600,2179,PR
76171,7256,3728,3201,PR
76198,2138,1338,682,PR
76210,8477,3288,4585,PR
76236,19094,7963,9658,PR
76252,2027,725,1152,PR
76279,3325,1338,1778,PR
76295,22693,10741,10508,PR
76317,7942,2841,4666,PR
76333,19970,6973,11916,PR
76350,13016,3818,8153,PR
76376,3687,1771,1724,PR
76392,2840,1354,1314,PR
76414,5709,1657,3681,PR
76430,7136,3297,3455,PR
76457,1023,670,280,PR
76473,7193,2646,4050,PR
76490,6967,2644,3916,PR
76511,1990,1147,732,PR
76538,4276,1695,2334,PR
76554,3087,1279,1596,PR
76570,28563,11103,14813,PR
76597,19008,10256,7698,PR
76619,2657,1344,1152,PR
76635,11990,4181,7214,PR
76651,3026,1413,1429,PR
76678,304945,74610,196164,PR
76694,3074,1657,1260,PR
76716,8423,2940,4766,PR
76732,8486,2693,5324,PR
76759,14303,5335,7912,PR
76775,21364,7055,12588,PR
76791,14758,6100,7614,PR
76813,8482,2930,5099,PR
76830,32314,7801,22717,PR
76856,3790,1720,1878,PR
76872,22502,6796,13810,PR
76899,6010,2958,2761,PR
76910,229457,67534,136721,PR
76937,4280,1755,2301,PR
76953,9268,4669,4066,PR
76970,3090,1530,1412,PR
76996,10444,2365,7545,PR
77011,29339,9159,18589,PR
77038,1646,1022,548,PR
77054,1499,668,759,PR
77070,7239,2933,3943,PR
77097,10536,4040,5666,PR
77119,2709,1132,1430,PR
77135,2449,1390,917,PR
77151,1185,589,529,PR
77178,2557,1184,1223,PR
77194,4621,2596,1728,PR
77216,15312,5297,8915,PR
77232,4597,2035,2248,PR
77259,7324,3190,3740,PR
77275,13957,7852,5384,PR
77291,2228,1178,905,PR
77313,21935,8949,11036,PR
77330,23262,12571,9644,PR
77356,21260,6461,13093,PR
77372,8278,4463,3370,PR
77399,19484,4899,13520,PR
77410,7709,3491,3866,PR
77437,5785,2988,2438,PR
77453,82616,26605,48442,PR
77470,1717,990,615,PR
77496,49102,15299,30000,PR
77518,50402,18968,27249,PR
77534,3571,1397,1930,PR
77550,4462,1766,2305,PR
77577,7820,3247,4036,PR
77593,4270,1768,2339,PR
77615,8378,2208,5532,PR
77631,4276,1809,2173,PR
77658,17421,10459,5867,PR
77674,14285,5209,7789,PR
77690,52701,22023,25897,PR
77712,20233,10261,8667,PR
77739,2604,1338,1129,PR
77755,8308,4270,3667,PR
77771,197869,63835,109833,PR
77798,7403,3522,3397,PR
77810,2936,1027,1643,PR
77836,2103,820,1206,PR
77852,2444,1005,1228,PR
77879,3049,1625,1248,PR
77895,6814,2303,4149,PR
77917,30313,7493,20602,PR
77933,5150,1824,3098,PR
77950,13270,4007,8020,PR
77976,6379,3346,2762,PR
77992,3321,1614,1514,PR
78018,10953,3448,6766,PR
78034,2432,955,1357,PR
78050,11259,4716,5993,PR
78077,9681,4307,4627,PR
78093,4268,2156,1908,PR
78115,14982,6629,7367,PR
78131,7099,3111,3666,PR
78158,7668,4265,2921,PR
78174,9021,2880,5323,PR
78190,2315,962,1161,PR
78212,21215,10672,9245,PR
78239,18506,4680,12132,PR
78255,37220,10116,24463,PR
78271,6711,3525,2814,PR
78298,5681,2147,3261,PR
78310,4849,1263,3328,PR
78336,2883,1444,1280,PR
78352,3277,1708,1340,PR
78379,8959,5562,3047,PR
78395,2349,1064,1193,PR
78417,2360,1085,1112,PR
78433,5175,2257,2704,PR
78450,6949,2693,3922,PR
78476,1400,762,573,PR
78492,5348,1847,3197,PR
78514,7208,3439,3460,PR
78530,6954,3328,3251,PR
78557,3388,1734,1474,PR
78573,12070,6056,5465,PR
78590,24604,8625,14373,PR
78611,1795,1072,618,PR
78638,1724,837,751,PR
78654,3718,1875,1688,PR
78670,4196,1633,2401,PR
78697,6138,3392,2343,PR
78719,7253,3160,3711,PR
78735,3657,2124,1315,PR
78751,6702,3287,2973,PR
78778,9065,5309,3060,PR
78794,3729,1328,2187,PR
78816,6590,3006,3277,PR
78832,3548,1255,2068,PR
78859,165009,52815,95327,PR
78875,26709,11977,12345,PR
78891,17289,6224,10358,PR
78913,5333,2201,2748,PR
78930,1961,648,1232,PR
78956,5161,2605,2260,PR
78972,3631,1283,2104,PR
78999,3989,2047,1726,PR
79014,10155,3903,5652,PR
79030,3813,1537,2049,PR
79057,10265,2786,6893,PR
79073,11847,5555,5323,PR
79090,3113,1204,1723,PR
79111,9083,3553,5133,PR
79138,6255,2488,3250,PR
79154,40291,15669,21166,PR
79170,10242,3276,6302,PR
79197,8882,3130,5235,PR
79219,10572,3219,6915,PR
79235,11038,5345,4831,PR
79251,9451,4014,4633,PR
79278,83218,24725,52366,PR
79294,4966,2124,2464,PR
79316,5050,1879,2950,PR
79332,14801,4993,8948,PR
79359,62205,16880,40972,PR
79375,30542,11229,16584,PR
79391,1750,906,767,PR
79413,6755,2674,3609,PR
79430,10830,3765,6300,PR
79456,5785,3141,2399,PR
79472,4385,1705,2406,PR
79499,4120,1681,2226,PR
79510,11049,3501,6813,PR
79537,21103,7231,12632,PR
79553,17935,7261,9992,PR
79570,6993,1669,4921,PR
79596,3705,1278,2209,PR
79618,2933,1094,1645,PR
79634,22419,8736,11805,PR
79650,8012,2776,4841,PR
79677,3807,1383,2269,PR
79693,6973,2672,3938,PR
79715,16678,6365,9700,PR
79731,3632,1576,1873,PR
79758,4407,2506,1699,PR
79774,4541,1673,2695,PR
79790,5844,867,4804,PR
79812,5259,2534,2408,PR
79839,3498,1577,1736,PR
79855,10416,3346,6502,PR
79871,7262,3094,3858,PR
79898,5214,1976,2973,PR
79910,3802,1533,2074,PR
79936,5010,1316,3475,PR
79952,6992,3779,2925,PR
79979,5755,2168,3235,PR
79995,4013,1576,2237,PR
80004,5392,2754,2297,SC
80012,9444,3942,5143,SC
80020,5959,1784,3487,SC
80039,6571,1318,4969,SC
80047,2885,970,1695,SC
80055,3623,632,2809,SC
80063,6431,1705,4401,SC
80071,4327,1249,2887,SC
80080,2435,459,1806,SC
80098,3769,2019,1575,SC
80101,3403,1273,1949,SC
80110,5039,1298,3162,SC
80128,3534,1108,2246,SC
80136,6494,1737,4236,SC
80144,2071,734,1165,SC
80152,4062,1815,2053,SC
80160,1911,753,967,SC
80179,4235,1694,2167,SC
80187,3035,859,1960,SC
80195,5535,2648,2536,SC
80209,4246,1981,1863,SC
80217,2609,870,1495,SC
80225,2074,725,1127,SC
80233,7073,1170,5394,SC
80241,5953,1687,3847,SC
80250,17986,5308,11632,SC
80268,2106,879,1071,SC
80276,40536,11852,25630,SC
80284,2371,810,1415,SC
80292,5472,1408,3787,SC
80306,10976,2597,7392,SC
80314,2592,626,1755,SC
80322,3363,1598,1559,SC
80330,4934,869,3843,SC
80349,5296,1587,3442,SC
80357,2442,479,1776,SC
80365,1901,567,1233,SC
80373,4314,841,3184,SC
80381,2525,1489,911,SC
80390,80800,19270,55235,SC
80403,5592,2003,3180,SC
80411,19110,4704,13397,SC
80420,2664,509,1980,SC
80438,6541,1009,5129,SC
80446,2066,924,964,SC
80454,41109,13322,23929,SC
80462,1995,975,847,SC
80470,208596,47482,139214,SC
80489,3110,985,1851,SC
80497,5162,1872,2921,SC
80500,2125,873,1047,SC
80519,3648,772,2659,SC
80527,4837,2623,1969,SC
80535,19878,3908,14691,SC
80543,2300,1175,950,SC
80551,76840,15961,55740,SC
80560,3267,1312,1693,SC
80578,40033,16019,20720,SC
80586,1282,469,743,SC
80594,4012,1138,2647,SC
80608,1857,698,1015,SC
80616,43146,11497,28923,SC
80624,2660,1415,1067,SC
80632,7690,1549,5646,SC
80640,4249,941,2909,SC
80659,4701,2177,2201,SC
80667,2356,1567,681,SC
80675,5635,3088,2321,SC
80683,7913,2164,5285,SC
80691,20204,6824,11886,SC
80705,2872,1402,1255,SC
80713,7241,1795,5076,SC
80721,1904,797,917,SC
80730,32493,9278,19840,SC
80748,1927,752,1010,SC
80756,13591,4821,7720,SC
80764,2099,910,1088,SC
80772,6695,2528,3770,SC
80780,1384,687,575,SC
80799,3624,1842,1572,SC
80802,2079,836,1069,SC
80810,128059,46992,72582,SC
80829,4469,2884,1363,SC
80837,47078,13760,29941,SC
80845,1612,604,933,SC
80853,6693,2554,3773,SC
80861,1686,815,757,SC
80870,9592,2010,6924,SC
80888,1956,988,841,SC
80896,117431,31462,75743,SC
80900,1441,694,667,SC
80918,7313,1212,5617,SC
80926,1930,857,969,SC
80934,22986,8864,12482,SC
80942,2631,1139,1360,SC
80950,5755,2058,3225,SC
80969,3244,1312,1716,SC
80977,8502,3802,4309,SC
80985,12916,3469,8467,SC
80993,2599,708,1672,SC
81000,6770,1418,5036,SC
81019,3205,874,2075,SC
81027,13910,4618,8246,SC
81035,7221,3609,3306,SC
81043,3348,1185,1972,SC
81051,320467,135981,146358,SC
81060,16917,4499,11327,SC
81078,20615,7322,11876,SC
81086,2212,469,1591,SC
81094,2252,920,1192,SC
81108,1668,774,793,SC
81116,11847,2559,8349,SC
81124,3004,545,2328,SC
81132,16786,6265,9098,SC
81140,1411,511,778,SC
81159,9381,2383,6420,SC
81167,1911,486,1317,SC
81175,38531,9515,26248,SC
81183,3466,899,2257,SC
81191,4636,1045,3267,SC
81205,1212,560,570,SC
81213,7318,1692,5152,SC
81221,4078,1347,2301,SC
81230,13526,2653,9857,SC
81248,2298,775,1206,SC
81256,7392,2885,3870,SC
81264,1957,827,937,SC
81272,25259,6147,17467,SC
81280,2576,996,1381,SC
81299,3152,1183,1774,SC
81302,1471,474,847,SC
81310,13221,4286,7838,SC
81329,1773,683,928,SC
81337,2409,650,1637,SC
81345,3105,1079,1666,SC
81353,11427,2543,7888,SC
81361,2293,534,1553,SC
81370,32782,8385,22188,SC
81388,2033,958,1000,SC
81396,8814,1933,6333,SC
81400,1524,540,901,SC
81418,7354,3274,3577,SC
81426,2374,1594,651,SC
81434,29013,11545,14914,SC
81442,1552,795,641,SC
81450,4178,1044,2832,SC
81469,1588,508,937,SC
81477,36848,7505,26471,SC
81485,2049,1059,862,SC
81493,3082,1211,1632,SC
81507,1855,1016,685,SC
81515,4925,2195,2440,SC
81523,2582,1581,871,SC
81531,6083,2233,3415,SC
81540,1843,791,919,SC
81558,6386,2252,3679,SC
81566,2281,807,1275,SC
81574,4798,2094,2247,SC
81582,2312,1120,1031,SC
81590,12867,3178,8838,SC
81604,1395,673,608,SC
81612,132299,33917,87882,SC
81620,1510,452,877,SC
81639,38327,8987,27073,SC
81647,2074,780,1140,SC
81655,9891,2762,6245,SC
81663,13188,3848,8471,SC
81671,15506,3179,11328,SC
81680,1623,742,768,SC
81698,3201,844,2052,SC
81701,2209,701,1382,SC
81710,7212,1733,4940,SC
81728,8397,3115,4756,SC
81736,11865,3157,7955,SC
81744,7758,2710,4509,SC
81752,102563,22389,71810,SC
81760,1428,636,679,SC
81779,17838,4691,11593,SC
81787,2250,1010,1092,SC
81795,346632,74282,239105,SC
81809,4214,850,3025,SC
81817,1674,413,1098,SC
81825,2416,968,1255,SC
81833,96372,30942,56928,SC
81850,27318,10201,14785,SC
81876,4941,1091,3542,SC
81892,9727,3304,5509,SC
81914,6524,3671,2543,SC
81930,2627,765,1567,SC
81957,7097,1630,4999,SC
81973,8250,1541,6201,SC
81990,33231,7915,22472,SC
82015,2412,675,1573,SC
82031,4698,1852,2325,SC
82058,16072,4689,10254,SC
82066,1756,600,1034,SC
82074,10705,1883,8078,SC
82090,1825,982,756,SC
82112,4988,956,3754,SC
82139,2845,1034,1549,SC
82155,6122,2436,3188,SC
82171,5349,2191,2834,SC
82198,10766,2139,7959,SC
82210,44176,12865,28116,SC
82236,3241,1269,1744,SC
82252,8634,1823,6268,SC
82279,9967,2238,7087,SC
82295,15074,3035,10975,SC
82317,4712,1308,3057,SC
82333,109685,35455,63393,SC
82350,4400,2278,1833,SC
82376,9758,2841,6185,SC
82392,11689,4966,6023,SC
82414,5393,1800,3209,SC
82430,3242,731,2254,SC
82457,17121,3969,11921,SC
82473,2293,587,1510,SC
82490,4532,962,3289,SC
82511,14018,3642,9472,SC
82538,12541,4756,6943,SC
82554,2302,828,1289,SC
82570,4203,1390,2510,SC
82597,20395,3798,14923,SC
82619,3157,1275,1685,SC
82635,6334,3114,2870,SC
82651,12450,3050,8493,SC
82678,19162,5983,11432,SC
82694,9468,2155,6900,SC
82716,5117,2052,2654,SC
82732,1373,286,1012,SC
82759,10834,2293,7882,SC
82775,1719,487,1100,SC
82791,6804,3031,3336,SC
82813,2611,696,1673,SC
82830,4105,1228,2633,SC
82856,4399,1059,3119,SC
82872,4887,1350,3264,SC
82899,6988,1353,5083,SC
82910,39702,8987,27746,SC
82937,3788,536,2939,SC
82953,24054,5752,16324,SC
82970,7641,1501,5674,SC
82996,3269,1374,1603,SC
83011,4915,1236,3378,SC
83038,2796,874,1762,SC
83054,9089,3929,4707,SC
83070,1632,508,971,SC
83097,15589,4482,9457,SC
83119,49139,10517,34075,SC
83135,2275,412,1654,SC
83151,6819,2502,3787,SC
83178,6022,2552,3179,SC
83194,29017,8388,18475,SC
83216,17442,3695,12723,SC
83232,5475,1512,3425,SC
83259,14545,5564,7599,SC
83275,147575,50433,81511,SC
83291,8953,2672,5784,SC
83313,6060,3186,2461,SC
83330,14820,5332,8434,SC
83356,7630,1518,5507,SC
83372,2752,475,2071,SC
83399,24568,8221,14264,SC
83410,6464,2265,3720,SC
83437,11197,2606,7873,SC
83453,11404,4783,5640,SC
83470,8420,2704,4954,SC
83496,17455,5095,11072,SC
83518,11593,2321,8681,SC
83534,5338,1483,3473,SC
83550,23962,6693,15575,SC
83577,27003,4453,20348,SC
83593,11203,4053,6185,SC
83615,5391,929,4135,SC
83631,5047,1104,3667,SC
83658,4271,870,3180,SC
83674,62426,14914,42138,SC
83682,3298,736,2242,SC
83690,8391,1454,6437,SC
83712,6263,1733,4141,SC
83739,12754,2755,8803,SC
83755,2458,1110,1203,SC
83771,4435,1151,2947,SC
83798,29513,8191,19310,SC
83810,2779,774,1806,SC
83836,28336,10919,15701,SC
83852,2998,1288,1554,SC
83879,18297,6121,11124,SC
83895,2805,1206,1396,SC
83909,9300,3221,5521,SC
83917,5095,1695,3031,SC
83925,6566,2583,3438,SC
83933,3610,990,2385,SC
83950,9584,4044,4807,SC
83976,10630,3565,6195,SC
84514,6850,3929,2586,PR
84530,9174,5341,3196,PR
84557,2560,1391,995,PR
84573,4831,2758,1800,PR
84590,3207,1400,1595,PR
84611,50921,21425,25022,PR
84638,4788,1774,2781,PR
84654,5230,1898,3083,PR
84670,14385,4184,9490,PR
84697,7545,2428,4788,PR
84719,2638,1375,1098,PR
84735,2682,1014,1485,RS
84743,2009,644,1185,RS
84751,2564,567,1814,RS
84760,4205,1966,1943,RS
84778,1659,950,552,RS
84786,2590,1289,1138,RS
84794,2087,443,1507,RS
84808,1471,573,695,RS
84816,11923,4634,6476,RS
84824,2447,563,1679,RS
84832,2121,741,1190,RS
84840,2699,1703,864,RS
84859,3383,1243,1915,RS
84867,1127,271,778,RS
84875,3019,890,1848,RS
84883,3283,1166,1937,RS
84891,6360,2865,3058,RS
84905,2597,1200,1208,RS
84913,1645,545,972,RS
84921,4497,2056,2086,RS
84930,2012,397,1450,RS
84948,2652,859,1601,RS
84956,1771,715,912,RS
84964,2848,1309,1388,RS
84972,2929,1393,1276,RS
84980,6480,3814,2225,RS
84999,4449,929,3164,RS
85006,4176,2226,1736,RS
85014,10628,4418,5322,RS
85022,2355,1030,1149,RS
85030,4893,1623,2877,RS
85049,2002,1082,750,RS
85057,4556,2095,2095,RS
85065,3228,1182,1629,RS
85073,41350,21062,16548,RS
85081,2008,834,1078,RS
85090,4845,2465,2069,RS
85103,5803,2577,2760,RS
85111,103969,50281,44110,RS
85120,3341,1493,1544,RS
85138,3907,668,2989,RS
85146,4700,1895,2526,RS
85154,8803,1644,6469,RS
85162,5959,2291,3070,RS
85170,5209,2216,2730,RS
85189,3335,931,2158,RS
85197,14080,4298,8498,RS
85200,2481,997,1129,RS
85219,7788,4151,2980,RS
85227,2037,1196,682,RS
85235,8217,3479,4137,RS
85243,1636,347,1195,RS
85251,11534,6981,3619,RS
85260,3652,2392,1029,RS
85278,6868,2307,4195,RS
85286,3989,1218,2454,RS
85294,4896,1522,3046,RS
85308,5961,2049,3306,RS
85316,66497,34767,26272,RS
85324,3052,617,2207,RS
85332,4431,1695,2437,RS
85340,1944,783,933,RS
85359,3349,1638,1500,RS
85367,6656,1796,4357,RS
85375,7785,3570,3487,RS
85383,1928,532,1175,RS
85391,6515,3454,2538,RS
85405,1564,280,1146,RS
85413,72724,17140,50265,RS
85421,1364,593,698,RS
85430,4672,1626,2728,RS
85448,1939,767,1039,RS
85456,6298,3086,2740,RS
85464,4937,2397,2153,RS
85472,7942,2831,4563,RS
85480,4712,2488,1986,RS
85499,3904,2223,1389,RS
85502,5005,1594,3027,RS
85510,2266,1354,787,RS
85529,4436,2111,1992,RS
85537,11413,6296,4168,RS
85545,2669,1277,1216,RS
85553,19258,11378,5810,RS
85561,2267,825,1275,RS
85570,6530,3569,2573,RS
85588,1539,803,637,RS
85596,47650,18395,24681,RS
85600,2122,1174,831,RS
85618,78865,31104,39912,RS
85626,1458,654,551,RS
85634,3257,1306,1772,RS
85642,2965,945,1848,RS
85650,3274,1715,1353,RS
85669,2281,1074,1067,RS
85677,3547,1394,1841,RS
85685,14819,5944,7485,RS
85693,38365,15349,19983,RS
85707,2046,968,929,RS
85715,3896,1343,2318,RS
85723,3609,801,2560,RS
85731,4256,1828,2109,RS
85740,3277,1446,1549,RS
85758,3857,1004,2609,RS
85766,1590,425,1017,RS
85774,41523,12978,25137,RS
85782,2084,673,1128,RS
85790,3180,1634,1411,RS
85804,7927,3806,3403,RS
85812,17853,7320,9158,RS
85820,1189,269,849,RS
85839,4817,1417,3069,RS
85847,2109,983,927,RS
85855,25194,8140,14708,RS
85863,1320,279,880,RS
85871,33006,13250,16365,RS
85880,2454,983,1285,RS
85898,198333,85130,92790,RS
85901,2083,1042,847,RS
85910,36557,14472,19026,RS
85928,2034,966,954,RS
85936,19281,4679,12563,RS
85944,5553,2638,2481,RS
85952,6134,1696,3961,RS
85960,2038,753,1170,RS
85979,6233,2544,3155,RS
85987,4433,1696,2371,RS
85995,269592,85696,155130,RS
86010,8244,4010,3575,RS
86029,1848,747,1019,RS
86037,6517,2413,3569,RS
86045,3581,1757,1474,RS
86053,2836,1257,1392,RS
86061,2812,572,2023,RS
86070,3047,1258,1556,RS
86088,2835,1131,1463,RS
86096,2456,703,1598,RS
86100,1072,327,658,RS
86118,4592,1712,2548,RS
86126,1638,445,989,RS
86134,6529,2938,3228,RS
86142,3184,1792,1228,RS
86150,4705,2501,1996,RS
86169,2293,623,1553,RS
86177,8382,3694,4116,RS
86185,4047,1596,1996,RS
86193,35658,16234,16946,RS
86207,4434,1490,2502,RS
86215,7836,2722,4436,RS
86223,4225,1142,2680,RS
86231,3266,1258,1773,RS
86240,20607,9765,8827,RS
86258,20088,6534,11837,RS
86274,8115,4379,3205,RS
86282,2203,507,1436,RS
86290,21418,11541,8323,RS
86304,4855,2173,2454,RS
86312,2440,1066,1166,RS
86320,2620,1198,1209,RS
86339,13662,4057,8475,RS
86347,3629,1354,1893,RS
86355,14372,8343,4946,RS
86363,2043,1119,847,RS
86371,63645,20727,38094,RS
86380,1437,653,674,RS
86398,3854,2552,960,RS
86401,2250,864,1122,RS
86410,3420,1819,1388,RS
86428,1555,789,667,RS
86436,4515,2379,1784,RS
86444,1854,983,788,RS
86452,2069,948,996,RS
86460,2152,407,1605,RS
86479,10306,4308,5188,RS
86487,6231,4114,1654,RS
86495,29034,8077,18687,RS
86509,2266,857,1197,RS
86517,51591,24275,22403,RS
86525,1150,574,512,RS
86533,20421,5474,13301,RS
86541,2262,1018,1123,RS
86550,45472,11200,30199,RS
86568,1972,935,921,RS
86576,4609,1779,2384,RS
86584,1889,558,1060,RS
86592,8879,2710,5354,RS
86606,1935,640,1136,RS
86614,20171,3378,15104,RS
86622,2165,720,1240,RS
86630,6382,3673,2329,RS
86649,2234,1009,1123,RS
86657,4375,2173,1720,RS
86665,2203,1040,939,RS
86673,19972,7813,10799,RS
86681,1601,840,678,RS
86690,21466,5040,14654,RS
86703,935,520,370,RS
86711,4255,1314,2626,RS
86720,1981,1201,673,RS
86738,4904,2484,2049,RS
86746,1323,349,881,RS
86754,5310,2669,2197,RS
86762,1798,1044,664,RS
86770,10078,2864,6421,RS
86789,2407,1261,968,RS
86797,10316,3610,6111,RS
86800,3816,2307,1243,RS
86819,25341,6015,17266,RS
86827,1571,789,708,RS
86835,145033,55463,75004,RS
86843,1425,558,806,RS
86851,57280,27380,24498,RS
86860,1566,919,579,RS
86878,15396,3706,10571,RS
86886,1343,334,900,RS
86894,4926,2224,2354,RS
86908,3756,1629,1915,RS
86916,12131,3813,7489,RS
86924,1161,358,685,RS
86932,19615,10340,7530,RS
86940,4253,2312,1697,RS
86959,3400,1408,1755,RS
86967,4744,2407,1942,RS
86975,3273,1061,1915,RS
86983,1949,527,1203,RS
86991,4446,1219,2848,RS
87009,2803,1076,1473,RS
87017,13478,4259,8129,RS
87025,2287,590,1553,RS
87033,21978,7124,13294,RS
87041,3218,1110,1817,RS
87050,51335,21022,26764,RS
87068,4924,2573,1950,RS
87076,2868,679,2019,RS
87084,2534,414,1931,RS
87092,4536,1666,2479,RS
87106,2189,917,1129,RS
87114,4643,2359,2066,RS
87122,2570,840,1474,RS
87130,19370,8700,9173,RS
87149,4487,1084,3019,RS
87157,2906,1803,1021,RS
87165,1658,801,723,RS
87173,14030,3759,8863,RS
87181,1739,613,1014,RS
87190,2369,844,1371,RS
87203,1703,521,929,RS
87211,15351,8500,5355,RS
87220,1991,206,1672,RS
87238,6900,2887,3300,RS
87246,14739,6538,7164,RS
87254,11991,6602,4441,RS
87262,3042,1591,1333,RS
87270,15991,6514,8337,RS
87289,2621,941,1544,RS
87297,50004,16705,29372,RS
87300,1504,799,574,RS
87319,4306,2618,1376,RS
87327,2775,649,1886,RS
87335,3413,1960,1268,RS
87343,4207,1907,2052,RS
87351,3829,1555,2070,RS
87360,3655,985,2253,RS
87378,25600,7679,16024,RS
87386,2841,1477,1123,RS
87394,3145,1302,1645,RS
87408,3050,1439,1416,RS
87416,1746,847,764,RS
87424,2757,1367,1258,RS
87432,3096,1488,1355,RS
87440,1537,464,891,RS
87459,3158,1044,1894,RS
87467,1828,644,1086,RS
87475,3471,2007,1306,RS
87483,1373,632,661,RS
87491,36544,14071,18928,RS
87505,2163,482,1470,RS
87513,6767,2826,3259,RS
87521,1832,985,710,RS
87530,3364,900,2146,RS
87548,2264,1292,855,RS
87556,10882,3489,6727,RS
87564,1813,955,706,RS
87572,7409,3646,3415,RS
87580,2217,842,1231,RS
87599,3200,692,2318,RS
87602,4398,1265,2708,RS
87610,6008,939,4722,RS
87629,1446,390,963,RS
87637,2282,483,1624,RS
87645,1607,740,746,RS
87653,4246,1766,1958,RS
87661,1748,486,1098,RS
87670,13944,3091,9419,RS
87688,1818,702,1012,RS
87696,15405,3338,10810,RS
87700,2040,698,1164,RS
87718,139441,42801,84976,RS
87726,2356,878,1345,RS
87734,28177,13015,12300,RS
87742,1889,659,1001,RS
87750,3145,1521,1537,RS
87769,1796,1072,621,RS
87777,19324,9066,9062,RS
87785,2369,927,1275,RS
87793,4956,2701,1883,RS
87807,2638,655,1702,RS
87815,25799,7730,16366,RS
87823,2156,816,1202,RS
87831,4994,1133,3410,RS
87840,1771,385,1261,RS
87858,117740,49826,58099,RS
87866,1741,1068,613,RS
87874,5238,3334,1415,RS
87882,3242,1607,1362,RS
87890,2557,1008,1412,RS
87904,1651,736,726,RS
87912,193552,100306,70445,RS
87920,4210,1407,2458,RS
87939,7254,4610,1897,RS
87947,5824,2761,2579,RS
87955,11355,6911,3443,RS
87963,3571,1941,1446,RS
87971,6199,2806,3066,RS
87980,1668,706,836,RS
87998,20003,7662,10859,RS
88005,2302,1073,1046,RS
88013,827993,412553,323857,RS
88021,1148,430,649,RS
88030,3149,1452,1435,RS
88048,1247,256,880,RS
88056,6319,3051,2969,RS
88064,6769,3186,3047,RS
88072,2894,613,2083,RS
88080,3942,1342,2303,RS
88099,13309,6813,5644,RS
88102,2829,1593,990,RS
88110,5058,3128,1614,RS
88129,2701,1394,1123,RS
88137,9937,4200,4770,RS
88145,9639,3131,5788,RS
88153,113290,68808,33485,RS
88161,2019,499,1321,RS
88170,22309,12787,7837,RS
88188,2373,1066,1087,RS
88196,6474,2122,3740,RS
88200,2920,1179,1458,RS
88218,4258,2053,1958,RS
88226,2185,712,1307,RS
88234,13421,4721,7558,RS
88242,1501,675,724,RS
88250,6124,3246,2626,RS
88269,3531,1191,2059,RS
88277,3815,1653,1941,RS
88285,2505,1411,953,RS
88293,4486,2148,2027,RS
88307,1645,475,1026,RS
88315,23004,12063,9398,RS
88323,2081,1303,674,RS
88331,4617,1219,2931,RS
88340,4777,2081,2178,RS
88358,10729,3341,6807,RS
88366,2783,1153,1406,RS
88374,5555,2136,3088,RS
88382,3464,1484,1704,RS
88390,83339,32029,43348,RS
88404,2371,1038,1094,RS
88412,160245,72821,72215,RS
88420,1652,1021,582,RS
88439,4771,2428,1867,RS
88447,2985,1420,1321,RS
88455,50558,28430,18225,RS
88463,2063,748,1062,RS
88471,46330,15136,28139,RS
88480,2061,972,956,RS
88498,17175,10313,5034,RS
88501,2673,869,1494,RS
88510,29958,13177,14566,RS
88528,2064,1126,795,RS
88536,45804,20466,21770,RS
88544,2103,647,1332,RS
88552,25584,10837,12494,RS
88560,1685,636,903,RS
88579,6628,3906,2198,RS
88587,2233,1246,794,RS
88595,8925,4228,4160,RS
88609,1615,453,1001,RS
88617,10759,4465,5430,RS
88625,2290,1299,871,RS
88633,35333,19385,13618,RS
88641,4141,2368,1366,RS
88650,11259,6144,4278,RS
88668,2429,1157,1063,RS
88676,12143,5851,5292,RS
88684,2977,1214,1565,RS
88692,33020,16637,13846,RS
88706,1487,741,636,RS
88714,12171,6287,4723,RS
88722,3158,1424,1582,RS
88730,15833,8331,5466,RS
88749,1809,503,1177,RS
88757,4740,1470,2931,RS
88765,2239,584,1478,RS
88773,127340,54968,61965,RS
88781,1822,297,1403,RS
88790,27270,11979,12720,RS
88803,2386,896,1316,RS
88811,19614,9815,8397,RS
88820,2805,988,1660,RS
88838,13364,2996,9083,RS
88846,3151,1989,920,RS
88854,4059,1407,2401,RS
88862,4587,1615,2732,RS
88870,3215,1884,1112,RS
88889,3036,1524,1286,RS
88897,4295,1880,2061,RS
88900,2175,862,1137,RS
88919,10006,4363,4671,RS
88927,6855,3154,3071,RS
88935,13939,5029,7800,RS
88943,2352,1244,922,RS
88951,13495,7563,4851,RS
88978,2524,987,1405,RS
88986,2963,1201,1576,RS
88994,49435,18216,28177,RS
89001,1624,619,857,RS
89010,78979,39368,32944,RS
89028,2322,375,1785,RS
89036,13897,4934,7964,RS
89044,1692,554,1010,RS
89052,7473,3248,3747,RS
89060,1833,756,976,RS
89079,3625,1046,2242,RS
89087,2002,702,1189,RS
89095,10178,2619,6902,RS
89109,1573,876,571,RS
89117,4107,1428,2442,RS
89125,1662,802,722,RS
89133,2782,1070,1445,RS
89141,2258,1252,867,RS
89150,31420,10977,18040,RS
89168,1129,215,823,RS
89176,8709,3718,4269,RS
89184,1226,264,858,RS
89192,17466,8637,7667,RS
89206,1672,525,1025,RS
89214,14042,3259,9687,RS
89222,1987,630,1245,RS
89230,6576,2783,3382,RS
89247,1516,466,930,RS
89249,2599,1116,1284,RS
89257,8821,4279,3851,RS
89265,1653,912,636,RS
89273,32244,10573,19323,RS
89281,1862,996,760,RS
89290,15659,6903,7731,RS
89303,1309,609,576,RS
89311,8379,4483,3373,RS
89320,1300,617,558,RS
89338,23165,8732,12306,RS
89346,1775,564,1050,RS
89354,26333,11047,12879,RS
89362,1842,773,901,RS
89370,14336,4509,8743,RS
89389,1367,523,775,RS
89397,14971,4997,8922,RS
89400,1890,1006,729,RS
89419,15145,6939,7254,RS
89435,16886,6514,8768,RS
89443,2102,1026,889,RS
89451,3945,1242,2469,RS
89460,1645,408,1043,RS
89478,12581,6218,5620,RS
89486,1276,667,566,RS
89494,5802,1567,3864,RS
89508,2129,860,1099,RS
89516,61497,21638,34682,RS
89524,2205,639,1319,RS
89532,35358,11185,21489,RS
89540,1965,332,1486,RS
89559,42783,15558,23960,RS
89567,1535,1006,418,RS
89575,16006,6996,7830,RS
89591,15073,3002,10783,RS
89613,3457,1096,2117,RS
89630,124315,64225,49022,RS
89656,3037,1323,1559,RS
89672,7910,3445,3658,RS
89699,2069,696,1226,RS
89710,3464,1596,1391,RS
89737,14078,7687,5041,RS
89753,6264,3292,2590,RS
89770,2866,589,1982,RS
89788,12178,3004,8656,MT
89796,17540,3328,13331,MT
89800,3305,1203,1934,MT
89818,2712,1346,1156,MT
89826,2204,625,1499,MT
89834,10978,3295,7166,MT
89843,1774,642,1042,MT
89850,81031,18557,58474,MT
89877,29932,8557,19745,MT
89893,8480,2349,5617,MT
89915,4913,1393,3282,MT
89931,9871,3026,6343,MT
89958,2923,1211,1523,MT
89960,1882,804,968,MT
89974,2223,737,1369,MT
89990,22742,5367,16094,MT
90018,5471,2986,2220,MT
90026,2043,883,1020,MT
90034,8084,3428,4181,MS
90042,2885,716,2047,MT
90050,8668,3188,5007,MT
90069,10581,2786,7473,MT
90077,6038,2324,3440,MT
90085,2563,785,1641,MT
90093,4522,2648,1599,MT
90107,2813,634,2063,MT
90115,19528,8358,10109,MS
90123,2975,875,2012,MT
90131,13256,6034,6364,MS
90140,2814,1017,1706,MT
90158,4573,2320,1897,MS
90166,2006,779,1116,MT
90174,5699,2648,2730,MS
90182,2351,1467,770,MT
90190,13301,5032,7221,MS
90204,1982,651,1250,MT
90212,25838,12259,11937,MS
90220,4964,1155,3574,MT
90239,814,465,314,MT
90247,2860,1224,1536,MT
90255,5962,2371,3221,MT
90263,4165,1557,2417,MT
90271,9146,2264,6510,MT
90280,15782,4802,10371,MT
90298,4672,2072,2223,MS
90301,3068,1393,1478,MT
90310,4897,3010,1636,MT
90328,1721,717,901,MT
90336,17367,8475,7905,MT
90344,1985,992,885,MT
90352,33201,12688,18492,MT
90360,4331,1220,2925,MT
90379,13601,5748,6768,MS
90387,6471,1255,4958,MT
90395,6021,2753,2815,MS
90409,2680,1230,1318,MT
90417,11667,4904,6129,MS
90425,6045,1755,3995,MT
90433,13237,5113,7340,MS
90441,1650,770,771,MT
90450,6237,2451,3296,MS
90468,8174,2229,5632,MT
90476,46454,21730,21725,MT
90484,19499,6180,12526,MT
90492,8378,3559,4253,MS
90506,23548,7158,15196,MT
90514,510748,176576,278642,MS
90522,6162,1534,4385,MT
90530,3459,1550,1771,MS
90549,4156,1378,2559,MT
90557,15870,6137,9003,MS
90565,5468,3230,1963,MT
90573,10909,3598,6252,MS
90581,4453,1240,3019,MT
90590,12558,6127,5722,MT
90603,36336,9278,25571,MT
90611,2982,1352,1384,MS
90620,9572,2525,6661,MT
90638,51383,24073,22949,MS
90646,24316,6198,17140,MT
90654,18686,8298,9149,MS
90662,5046,1658,3157,MT
90670,348309,127067,192100,MT
90689,6504,1536,4751,MT
90697,12161,4527,7126,MT
90700,3721,1546,1962,MT
90719,4719,1988,2430,MT
90727,13001,3971,8572,MT
90735,130204,46493,72596,MS
90743,3834,1103,2602,MT
90751,12661,5610,6025,MS
90760,5665,2332,2980,MT
90778,3048,1496,1425,MT
90786,4508,1559,2815,MT
90794,5879,2630,2842,MS
90808,3793,1106,2557,MT
90816,5547,2433,2759,MS
90824,3922,1231,2568,MT
90832,6254,2808,3019,MT
90840,2236,741,1416,MT
90859,7602,2997,4242,MS
90867,3053,1144,1760,MT
90875,4454,1794,2293,MS
90883,5515,1743,3554,MT
90891,10930,3854,6452,MS
90905,3433,1328,1960,MT
90913,6470,2472,3572,MT
90921,1140,374,724,MT
90930,15403,5896,8504,MS
90948,1273,472,723,MT
90956,15195,4687,9593,MT
90964,1718,737,894,MT
90972,3982,1889,1771,MS
90980,1291,419,821,MT
90999,12950,4757,7401,MS
91006,2117,590,1442,MT
91014,3318,1537,1527,MS
91022,1897,468,1365,MT
91030,10120,4732,4566,MS
91049,1641,522,1032,MT
91057,1652,739,836,MT
91073,21688,7072,13484,MS
91081,3632,963,2549,MT
91090,7550,3252,3863,MT
91103,3797,801,2922,MT
91111,14271,8380,5194,MS
91138,27002,9124,16195,MS
91154,7906,3692,3813,MS
91170,8964,2833,5659,MT
91197,3618,1775,1600,MT
91219,9637,6339,2782,MT
91235,25307,10254,13211,MS
91251,22623,9219,11266,MS
91278,4285,2002,2063,MS
91294,17805,11240,5830,MT
91316,51121,18761,28616,MS
91332,1432,843,504,MT
91359,2943,771,2049,MT
91375,5495,2596,2697,MS
91391,9693,4579,4467,MT
91413,9943,4387,4865,MS
91430,18973,7852,10106,MS
91456,2968,1338,1399,MS
91472,10507,4462,5493,MS
91499,3309,1399,1603,MS
91510,125214,43158,74582,MT
91537,9550,4949,4075,MT
91553,12872,6753,5343,MT
91570,24988,10845,12603,MS
91596,10155,4669,4542,MS
91618,2111,1075,849,MT
91634,2639,1200,1278,MT
91650,63406,24636,33397,MS
91677,142859,57411,75663,MT
91693,6276,3024,2788,MS
91715,6005,2812,2962,MS
91731,6194,2378,3433,MS
91758,7845,3452,3849,MS
91774,14195,4326,9085,MT
91782,15132,4350,10087,MS
91790,10407,3863,6025,MS
91804,6203,3853,1963,MS
91812,10336,4444,5304,MT
91820,4043,2084,1793,MS
91839,5068,1910,2902,MT
91847,6054,3419,2346,MS
91855,51371,13286,34774,MT
91863,3640,1613,1721,MS
91880,8227,3567,4269,MS
91898,6712,2700,3667,MT
91901,4570,2528,1632,MS
91910,14032,3081,10472,MT
91936,11558,2520,8650,MT
91952,11046,3411,7099,MT
91979,3408,1854,1359,MT
91995,8309,1937,6014,MT
92002,2713,1278,1295,TO
92010,8380,2594,5192,GO
92029,5298,2508,2359,GO
92037,1784,787,885,GO
92045,5022,2985,1810,TO
92053,15616,4861,9486,GO
92061,3045,1951,907,GO
92070,3862,2546,1108,TO
92088,2973,1815,1054,TO
92096,1625,705,789,GO
92100,5425,2256,2751,GO
92118,5160,3064,1758,GO
92126,2481,1602,697,GO
92134,5529,2491,2772,TO
92142,2874,1465,1285,TO
92150,4910,2448,2126,GO
92169,2310,861,1310,GO
92177,2805,1240,1371,GO
92185,4173,2507,1513,TO
92193,5561,3332,1977,TO
92207,2949,1125,1644,GO
92215,213604,59548,134635,GO
92223,4665,2544,1838,GO
92231,879,428,375,GO
92240,3570,1903,1486,TO
92258,11762,4460,6510,GO
92266,2883,1720,987,GO
92274,252962,100800,128323,GO
92282,3906,1992,1664,GO
92290,2227,958,1131,GO
92304,2621,1444,1067,TO
92312,3212,1556,1413,GO
92320,2891,1433,1266,GO
92339,10037,4336,5117,GO
92347,2447,1206,1046,GO
92355,6682,2909,3290,GO
92363,7136,2401,4426,GO
92371,3570,2250,1149,TO
92398,4859,1450,3183,TO
92401,2160,1014,1031,TO
92410,90229,36261,47803,TO
92436,16203,9258,6028,TO
92444,2747,1256,1308,GO
92452,3547,1980,1407,TO
92460,2711,1139,1450,GO
92479,5664,4051,1361,TO
92487,3373,1920,1317,TO
92495,4682,2241,2205,GO
92509,1700,1162,431,TO
92517,2382,1287,957,GO
92525,4148,2794,1195,TO
92533,2339,1482,729,TO
92541,2714,1866,754,TO
92550,2699,1026,1481,GO
92568,2992,1367,1466,GO
92576,6865,4084,2546,TO
92584,3282,2284,881,TO
92592,5130,3419,1461,TO
92606,2386,1167,1074,TO
92614,2108,1252,751,GO
92622,1643,650,895,GO
92630,7081,3129,3478,GO
92649,3570,1838,1526,GO
92657,16853,6616,8601,GO
92665,2811,1281,1285,GO
92673,5261,2801,2194,GO
92681,2841,2025,699,TO
92690,12603,5843,5983,GO
92703,64183,27475,31208,GO
92711,2613,1121,1300,GO
92720,4073,2303,1475,GO
92738,3100,1679,1248,TO
92754,3595,1432,1908,GO
92762,1906,1219,571,GO
92770,5938,2684,2872,GO
92789,2183,1046,971,GO
92797,5211,2665,2191,GO
92800,3087,1745,1179,GO
92819,5826,2718,2752,GO
92827,2929,1149,1554,GO
92835,1393,634,643,GO
92851,7898,2918,4453,GO
92860,1819,1110,587,GO
92878,9564,3986,5004,GO
92886,11792,4597,6334,GO
92894,47155,16159,27595,GO
92908,4778,2098,2331,GO
92916,2818,1310,1322,GO
92924,6198,2015,3925,GO
92932,6714,2370,3851,GO
92940,4472,1840,2426,GO
92959,4021,1970,1776,GO
92967,2627,1391,1147,GO
92975,10414,6217,3577,GO
92983,1867,694,1065,GO
92991,5402,2134,2991,GO
93009,2129,1049,956,GO
93017,55658,27130,24380,GO
93025,34286,15150,16181,GO
93033,3632,1882,1484,GO
93041,2326,1195,956,GO
93050,5205,4134,766,GO
93068,2284,1040,1102,GO
93076,13159,4463,7740,GO
93084,2029,979,954,GO
93092,3420,2188,1037,GO
93106,2575,837,1575,GO
93114,17830,7456,9553,TO
93122,2488,1056,1154,GO
93130,2364,1718,524,TO
93149,2123,997,989,GO
93157,2302,636,1511,GO
93165,3519,2046,1248,GO
93173,5551,2200,2878,GO
93181,2651,1283,1246,GO
93190,5117,2164,2575,GO
93203,3071,1732,1199,GO
93211,3340,2092,1140,TO
93220,4952,2110,2472,GO
93238,4228,2295,1724,TO
93246,2028,1116,782,GO
93254,25897,8817,15525,GO
93262,2378,1217,921,GO
93270,2876,996,1730,GO
93289,2722,1724,805,GO
93297,9161,4986,3685,GO
93300,70090,28979,35135,GO
93319,2967,1268,1428,GO
93327,38922,16787,19081,GO
93335,1912,1125,672,GO
93343,83768,38149,38972,GO
93351,2679,1199,1203,GO
93360,9011,3649,4710,GO
93378,2699,1242,1171,GO
93386,2346,1251,929,GO
93394,2626,1547,887,GO
93408,2476,1357,989,GO
93416,9685,6126,3044,TO
93424,2608,1312,1148,GO
93432,1810,684,950,GO
93440,2156,1082,942,GO
93459,3740,2404,1149,TO
93475,2615,1558,902,TO
93483,1824,588,1098,GO
93491,7243,3011,3763,GO
93505,3882,1834,1801,GO
93513,2304,1113,1012,GO
93530,4196,1802,2160,GO
93548,2414,1013,1256,GO
93556,4826,2958,1621,TO
93564,2546,1098,1219,GO
93572,6474,2090,3976,GO
93580,4674,1697,2701,GO
93599,4987,2674,2025,GO
93602,1113,437,610,GO
93610,56931,23315,29070,GO
93637,3409,1758,1456,GO
93653,10594,4787,5361,TO
93670,7954,2161,5371,GO
93696,3413,1824,1313,GO
93718,42148,17030,22123,GO
93734,794642,262845,445715,GO
93750,29959,12818,14620,GO
93777,14369,7855,5542,GO
93793,20276,7557,11231,GO
93815,10086,4821,4440,GO
93831,3308,2141,929,GO
93858,45011,17963,24008,TO
93874,3025,1371,1450,GO
93890,14115,5899,6832,GO
93912,2941,1538,1239,GO
93939,5887,3329,2116,GO
93955,30541,13094,14636,GO
93971,14926,6682,7158,GO
93998,19200,7317,10380,GO
94013,2093,1004,935,GO
94030,23561,10837,11317,GO
94056,4236,2666,1367,TO
94072,4252,2226,1778,GO
94099,3423,2231,1046,TO
94110,2763,1086,1470,GO
94137,11428,5527,5189,GO
94153,5028,2530,2262,GO
94170,1943,1076,786,TO
94196,17033,7807,8166,GO
94218,3265,1511,1526,GO
94234,5772,2562,2758,GO
94250,54532,21519,28583,GO
94277,2097,1043,893,GO
94293,4543,1790,2409,GO
94315,25125,7618,15697,GO
94331,52553,19072,29938,GO
94358,2105,1022,933,GO
94374,4264,1990,1999,GO
94390,10854,4281,5800,GO
94439,4999,2267,2368,GO
94455,96116,36599,51797,GO
94471,2067,916,1000,GO
94498,4429,1729,2444,GO
94510,6215,2867,3015,GO
94536,1935,918,899,GO
94552,5230,2842,2024,GO
94579,5202,2834,2131,GO
94595,35203,14154,18653,GO
94617,10853,6452,3784,TO
94633,7601,3781,3470,TO
94650,1720,670,923,GO
94676,4013,2692,1047,GO
94692,3618,2206,1128,TO
94714,5134,2009,2801,GO
94730,26782,11111,13719,GO
94757,3592,2063,1285,GO
94773,8576,3785,4277,GO
94790,2555,1054,1389,GO
94811,4970,2943,1731,TO
94838,3273,2271,775,TO
94854,5529,2214,2926,GO
94870,17487,7397,8645,GO
94897,19939,8907,9361,GO
94919,1980,863,1005,GO
94935,1701,900,654,GO
94951,2049,1385,508,GO
94978,6042,2509,3068,GO
94994,2992,1670,1176,TO
95010,2647,1144,1349,GO
95036,8981,3544,4461,GO
95052,2892,1064,1563,GO
95079,6703,3558,2713,GO
95095,14008,5909,6951,GO
95117,16332,5861,9396,GO
95133,1754,758,860,GO
95150,3206,1046,1944,GO
95176,1887,901,834,GO
95192,25930,8294,16269,TO
95214,5657,4325,1111,TO
95230,6371,2509,3502,GO
95257,7687,3832,3465,TO
95273,5343,3477,1635,TO
95290,5006,1937,2823,TO
95311,5497,2006,2998,GO
95338,6280,4447,1540,TO
95354,2758,1533,1054,GO
95370,2791,1659,1012,TO
95397,13599,5899,6428,GO
95419,7010,3146,3480,GO
95435,15095,6441,7490,GO
95451,15896,5521,9187,GO
95478,4460,2236,2064,TO
95494,10971,4860,5398,GO
95516,2550,1691,719,TO
95532,4109,2104,1786,TO
95559,23025,10080,11535,GO
95575,2332,1085,1075,GO
95591,34406,17602,14511,TO
95613,18479,9165,8127,GO
95630,25987,11721,12575,GO
95656,6836,2324,4114,GO
95672,2949,967,1767,GO
95699,2255,1601,556,TO
95710,108892,41013,60502,GO
95737,11658,3630,7184,GO
95753,5441,2292,2797,GO
95770,4136,1739,2100,GO
95796,2448,1098,1151,GO
95818,22295,10275,10269,GO
95834,3157,1447,1546,GO
95850,2526,1194,1115,GO
95877,2316,1160,982,GO
95893,5810,3086,2408,GO
95915,5060,3182,1580,GO
95931,3642,1363,2005,GO
95958,45640,21130,20670,GO
95974,5281,2573,2298,GO
95990,18202,4876,12165,GO
96016,13342,5100,7586,GO
96032,2525,1799,626,TO
96059,9983,5454,3993,GO
96075,4538,2148,2120,GO
96091,12089,4767,6134,GO
96113,2069,1135,748,GO
96130,6169,4127,1740,TO
96156,7783,4829,2549,TO
96172,3378,1380,1699,GO
96199,3998,2854,1035,TO
96210,12618,8328,3745,TO
96237,2720,1496,1018,GO
96253,67427,27687,33572,GO
96270,13229,5991,6517,TO
96296,2135,1122,905,TO
96318,3653,1342,2069,GO
96334,21562,9351,10765,GO
96350,8055,3333,4185,GO
96377,2628,1295,1112,GO
96393,2830,1022,1532,GO
96415,8234,2757,4762,GO
96431,6486,3150,3068,TO
96458,11457,5047,5733,GO
96474,16241,7249,8113,GO
96490,4343,1939,2198,TO
96512,3632,1812,1650,GO
96539,6485,3505,2687,GO
96555,5217,2292,2559,GO
96571,5008,2414,2344,GO
96598,3517,2148,1209,TO
96610,4057,1937,1771,GO
96636,6192,3279,2631,TO
96652,5296,3178,1883,TO
96679,3530,1678,1649,TO
96695,4475,2132,2056,GO
96717,2596,1265,1165,GO
96733,5277,2885,2149,GO
96750,4406,2020,2087,GO
96776,32811,13526,16431,GO
96792,3364,1870,1342,TO
96814,8637,4226,3930,GO
96830,2571,1228,1246,TO
96857,9662,5683,3544,TO
96873,2651,1335,1153,GO
96890,2869,1173,1512,GO
96911,2176,613,1432,GO
96938,3388,1326,1777,GO
96954,3218,1735,1322,TO
96970,3217,1780,1293,TO
96997,3538,1844,1537,TO
97012,1762575,649534,910397,DF
98000,147,32,90,ZZ
98019,5000,2343,2289,MS
98035,15602,6034,8605,MS
98051,3984,1553,2222,MS
98078,9937,5227,4117,MS
98094,16121,4994,10198,MS
98116,4968,2835,1842,MS
98132,5383,1967,3136,MS
98159,4749,3034,1474,MS
98175,2756,1516,1131,MS
98191,17277,4059,12362,MT
98213,20450,7230,11289,RS
98230,8600,1895,6073,RS
98256,31243,11353,17795,RS
98272,3167,1336,1609,RS
98299,5155,2857,2027,RS
98310,23311,6915,15291,MT
98337,4409,1950,2243,MT
98353,30167,16381,11829,AM
98370,4956,3609,1124,AM
98396,10737,7207,3025,AM
98418,18104,9350,7515,AM
98434,14079,7313,5848,AM
98450,5512,2834,2323,AM
98477,26853,17437,7795,AM
98493,6592,4335,1859,AM
98515,7932,6363,1237,AM
98531,11913,9805,1463,CE
98558,12065,9009,2348,CE
98574,12370,7366,2591,CE
98590,8868,4254,4254,MS
98612,5325,1761,3302,MT
98639,2300,1117,1036,MT
98655,7245,4094,2905,MT
98671,3179,1393,1693,MT
98698,2918,918,1846,MT
98710,6073,1397,4487,MT
98736,9030,4680,3914,MT
98752,7040,1855,4769,MT
98779,3839,1213,2463,MT
98795,2263,713,1384,MT
98817,16363,6893,8720,MT
98833,6732,2046,4330,MT
98850,5575,2195,3165,MT
98876,5448,2474,2779,MT
98892,38037,9203,27127,MT
98914,1347,554,689,MT
98930,51174,13457,35904,MT
98957,6178,2101,3765,MT
98973,5147,1454,3461,MT
98990,9623,2975,6247,MT
99015,9793,3082,6301,MT
99031,2116,493,1512,MT
99058,15986,3024,12410,MT
99074,1488,624,795,MT
99104,0,0,0,ZZ
99139,0,0,0,ZZ
99147,0,0,0,ZZ
99155,4,4,0,ZZ
99171,0,0,0,ZZ
99180,25,8,15,ZZ
99198,0,0,0,ZZ
99210,0,0,0,ZZ
99236,0,0,0,ZZ
99244,0,0,0,ZZ
99252,0,0,0,ZZ
99287,14,11,2,ZZ
99317,186,148,16,ZZ
99325,0,0,0,ZZ
99333,0,0,0,ZZ
99341,0,0,0,ZZ
99350,0,0,0,ZZ
99376,0,0,0,ZZ
99384,0,0,0,ZZ
99430,13,7,6,ZZ
99473,38,10,22,ZZ
